source,aircraft,date,from,to,flight,flight_time,std,atd,sta,status
regeneron,N459FX,30 Jan 2026,St. Paul (STP),Orlando (SFB),LXJ459,2:35,5:00 PM,5:18 PM,8:43 PM,Landed 8:53 PM
regeneron,N459FX,30 Jan 2026,El Paso (ELP),St. Paul (STP),LXJ459,2:43,12:00 PM,12:33 PM,3:40 PM,Landed 4:15 PM
regeneron,N459FX,29 Jan 2026,San Jose del Cabo (SJD),El Paso (ELP),LXJ459,1:24,1:33 PM,1:55 PM,3:50 PM,Landed 3:18 PM
regeneron,N459FX,29 Jan 2026,Van Nuys (VNY),San Jose del Cabo (SJD),LXJ459,2:04,9:00 AM,9:35 AM,12:10 PM,Landed 12:39 PM
regeneron,N459FX,29 Jan 2026,Scottsdale (SCF),Van Nuys (VNY),LXJ459,1:06,7:35 AM,8:21 AM,7:53 AM,Landed 8:26 AM
regeneron,N459FX,28 Jan 2026,Honolulu (HNL),Scottsdale (SCF),LXJ459,5:25,8:30 AM,9:12 AM,4:57 PM,Landed 5:36 PM
regeneron,N459FX,26 Jan 2026,Kahului (OGG),Honolulu (HNL),LXJ459,0:32,5:04 PM,5:43 PM,5:38 PM,Landed 6:15 PM
regeneron,N459FX,26 Jan 2026,Seattle (BFI),Kahului (OGG),LXJ459,5:50,12:30 PM,12:57 PM,4:25 PM,Landed 4:47 PM
regeneron,N459FX,26 Jan 2026,Vancouver (YVR),Seattle (BFI),LXJ459,0:27,10:54 AM,11:07 AM,11:34 AM,Landed 11:34 AM
regeneron,N459FX,25 Jan 2026,San Jose (SJC),Vancouver (YVR),LXJ459,1:53,3:30 PM,4:09 PM,5:29 PM,Landed 6:03 PM
regeneron,N459FX,25 Jan 2026,San Diego (SAN),San Jose (SJC),LXJ459,1:04,1:05 PM,1:42 PM,2:18 PM,Landed 2:45 PM
regeneron,N459FX,25 Jan 2026,Pendleton (PDT),San Diego (SAN),LXJ459,1:51,10:00 AM,10:35 AM,12:02 PM,Landed 12:26 PM
regeneron,N459FX,25 Jan 2026,San Francisco (SFO),Pendleton (PDT),LXJ459,1:21,7:05 AM,7:53 AM,8:36 AM,Landed 9:14 AM
regeneron,N459FX,24 Jan 2026,Seattle (BFI),San Francisco (SFO),LXJ459,1:31,4:40 PM,5:53 PM,6:21 PM,Landed 7:24 PM
regeneron,N459FX,24 Jan 2026,Miami (OPF),Seattle (BFI),LXJ459,6:09,1:02 PM,1:50 PM,4:02 PM,Landed 4:59 PM
regeneron,N459FX,23 Jan 2026,Jacksonville (JAX),Miami (OPF),LXJ459,0:53,12:30 PM,12:43 PM,1:34 PM,Landed 1:36 PM
regeneron,N459FX,22 Jan 2026,Liberia (LIR),Jacksonville (JAX),LXJ459,2:44,12:36 PM,12:36 PM,3:53 PM,Landed 4:20 PM
regeneron,N459FX,22 Jan 2026,Naples (APF),Liberia (LIR),LXJ459,2:54,9:00 AM,9:15 AM,10:56 AM,Landed 11:10 AM
regeneron,N459FX,21 Jan 2026,Nashville (BNA),Naples (APF),LXJ459,1:43,4:10 PM,7:44 PM,6:10 PM,Landed 10:27 PM
regeneron,N459FX,20 Jan 2026,Chicago (MDW),Nashville (BNA),LXJ459,0:59,8:25 AM,9:07 AM,9:33 AM,Landed 10:06 AM
regeneron,N459FX,20 Jan 2026,Bedford (BED),Chicago (MDW),LXJ459,2:20,6:15 AM,7:02 AM,7:33 AM,Landed 8:22 AM
regeneron,N459FX,19 Jan 2026,Teterboro (TEB),Bedford (BED),LXJ459,0:43,4:15 PM,4:54 PM,5:00 PM,Landed 5:37 PM
regeneron,N459FX,19 Jan 2026,Jackson (JAC),Teterboro (TEB),LXJ459,3:37,9:30 AM,10:12 AM,3:05 PM,Landed 3:49 PM
regeneron,N459FX,19 Jan 2026,Seattle (BFI),Jackson (JAC),LXJ459,1:22,5:52 AM,6:47 AM,8:25 AM,Landed 9:08 AM
regeneron,N459FX,14 Jan 2026,Teterboro (TEB),Seattle (BFI),LXJ459,5:12,8:30 AM,10:11 AM,10:41 AM,Landed 12:23 PM
regeneron,N459FX,13 Jan 2026,Atlanta (PDK),Teterboro (TEB),LXJ459,1:38,2:00 PM,2:59 PM,3:50 PM,Landed 4:37 PM
regeneron,N459FX,12 Jan 2026,Nashville (BNA),Atlanta (PDK),LXJ459,0:37,11:14 AM,11:48 AM,12:57 PM,Landed 1:25 PM
regeneron,N459FX,12 Jan 2026,Toledo (TOL),Nashville (BNA),LXJ459,1:04,10:07 AM,10:45 AM,10:18 AM,Landed 10:49 AM
regeneron,N459FX,12 Jan 2026,Cleveland (CLE),Toledo (TOL),LXJ459,0:25,8:03 AM,8:40 AM,8:35 AM,Landed 9:05 AM
regeneron,N459FX,09 Jan 2026,Key West (EYW),Cleveland (CLE),LXJ459,2:30,3:30 PM,4:13 PM,6:09 PM,Landed 6:43 PM
regeneron,N459FX,09 Jan 2026,North Eleuthera (ELH),Key West (EYW),LXJ459,1:06,1:33 PM,12:06 PM,2:33 PM,Landed 1:12 PM
regeneron,N459FX,09 Jan 2026,Teterboro (TEB),North Eleuthera (ELH),LXJ459,2:23,8:00 AM,8:43 AM,10:26 AM,Landed 11:06 AM
regeneron,N459FX,08 Jan 2026,White Plains (HPN),Teterboro (TEB),LXJ459,0:19,1:30 PM,1:49 PM,1:57 PM,Landed 2:08 PM
regeneron,N459FX,07 Jan 2026,Sint Maarten (SXM),White Plains (HPN),LXJ459,3:58,12:00 PM,12:37 PM,3:03 PM,Landed 3:35 PM
regeneron,N459FX,06 Jan 2026,San Juan (SJU),Sint Maarten (SXM),LXJ459,0:36,4:44 PM,4:51 PM,4:54 PM,Landed 5:27 PM
regeneron,N459FX,06 Jan 2026,Raleigh-Durham (RDU),Sint Maarten (SXM),LXJ459,—,10:00 AM,10:07 AM,2:21 PM,Diverted to SJU
regeneron,N459FX,05 Jan 2026,McKinney (QQT),Raleigh-Durham (RDU),LXJ459,2:04,3:30 PM,3:53 PM,6:51 PM,Landed 6:56 PM
regeneron,N459FX,04 Jan 2026,Miami (OPF),McKinney (QQT),LXJ459,2:50,2:41 PM,2:41 PM,4:32 PM,Landed 4:32 PM
regeneron,N459FX,04 Jan 2026,Teterboro (TEB),Miami (OPF),LXJ459,2:25,12:45 PM,12:45 PM,—,Landed 3:11 PM
regeneron,N459FX,04 Jan 2026,Antigua (ANU),Teterboro (TEB),LXJ459,4:18,8:00 AM,8:19 AM,11:03 AM,Landed 11:37 AM
regeneron,N459FX,02 Jan 2026,Cleveland (CLE),Antigua (ANU),LXJ459,3:54,11:00 AM,11:14 AM,3:56 PM,Landed 4:07 PM
regeneron,N459FX,30 Dec 2025,White Plains (HPN),Cleveland (CLE),LXJ459,1:14,4:40 PM,5:34 PM,5:53 PM,Landed 6:48 PM
regeneron,N459FX,30 Dec 2025,Bozeman (BZN),White Plains (HPN),LXJ459,3:38,10:00 AM,10:40 AM,3:50 PM,Landed 4:19 PM
regeneron,N459FX,30 Dec 2025,San Francisco (SFO),Bozeman (BZN),LXJ459,1:45,6:12 AM,7:01 AM,9:12 AM,Landed 9:46 AM
regeneron,N459FX,28 Dec 2025,Kailua-Kona (KOA),Ontario (ONT),LXJ459,—,9:30 AM,10:07 AM,5:02 PM,Diverted to SFO
regeneron,N459FX,27 Dec 2025,Phoenix (PHX),Kailua-Kona (KOA),LXJ459,6:00,1:01 PM,2:06 PM,4:02 PM,Landed 5:05 PM
regeneron,N459FX,27 Dec 2025,Midland (MAF),Phoenix (PHX),LXJ459,1:29,11:30 AM,12:24 PM,12:05 PM,Landed 12:53 PM
regeneron,N459FX,27 Dec 2025,Laredo (LRD),Midland (MAF),LXJ459,0:49,9:31 AM,10:14 AM,10:32 AM,Landed 11:04 AM
regeneron,N459FX,26 Dec 2025,Cabo San Lucas (CSL),Austin (AUS),LXJ459,—,9:09 PM,7:31 PM,10:04 PM,Diverted to LRD
regeneron,N459FX,26 Dec 2025,Austin (AUS),Cabo San Lucas (CSL),LXJ459,2:19,1:00 PM,3:02 PM,2:19 PM,Landed 4:22 PM
regeneron,N459FX,25 Dec 2025,Cabo San Lucas (CSL),Austin (AUS),LXJ459,2:04,9:56 AM,9:49 AM,1:02 PM,Landed 12:53 PM
regeneron,N459FX,24 Dec 2025,Van Nuys (VNY),Cabo San Lucas (CSL),LXJ459,2:19,8:45 AM,9:09 AM,12:06 PM,Landed 12:28 PM
regeneron,N459FX,23 Dec 2025,Salt Lake City (SLC),Van Nuys (VNY),LXJ459,1:42,1:30 PM,2:09 PM,2:19 PM,Landed 2:51 PM
regeneron,N459FX,20 Dec 2025,Tampa (TPA),Salt Lake City (SLC),LXJ459,4:25,10:30 AM,12:00 PM,12:50 PM,Landed 2:25 PM
regeneron,N459FX,20 Dec 2025,Teterboro (TEB),Tampa (TPA),LXJ459,2:22,7:30 AM,8:14 AM,10:11 AM,Landed 10:36 AM
regeneron,N459FX,19 Dec 2025,Miami (TMB),Teterboro (TEB),LXJ459,2:48,1:00 PM,2:25 PM,3:31 PM,Landed 5:12 PM
regeneron,N459FX,19 Dec 2025,Miami (OPF),Miami (TMB),LXJ459,0:15,11:10 AM,12:04 PM,11:25 AM,Landed 12:19 PM
regeneron,N459FX,18 Dec 2025,Teterboro (TEB),Miami (OPF),LXJ459,2:52,5:00 PM,6:12 PM,7:45 PM,Landed 9:05 PM
regeneron,N459FX,18 Dec 2025,White Plains (HPN),Teterboro (TEB),LXJ459,0:17,3:04 PM,2:02 PM,3:31 PM,Landed 2:19 PM
regeneron,N459FX,18 Dec 2025,West Palm Beach (PBI),White Plains (HPN),LXJ459,2:20,9:30 AM,10:23 AM,12:00 PM,Landed 12:43 PM
regeneron,N459FX,17 Dec 2025,Orlando (SFB),West Palm Beach (PBI),LXJ459,0:46,10:23 AM,2:37 PM,10:59 AM,Landed 3:23 PM
regeneron,N459FX,15 Dec 2025,Boca Raton (BCT),Orlando (SFB),LXJ459,0:40,3:01 PM,4:02 PM,3:27 PM,Landed 4:43 PM
regeneron,N459FX,15 Dec 2025,Liberia (LIR),Boca Raton (BCT),LXJ459,2:23,2:19 PM,11:56 AM,2:28 PM,Landed 3:19 PM
regeneron,N459FX,15 Dec 2025,West Palm Beach (PBI),Liberia (LIR),LXJ459,2:55,8:24 AM,8:43 AM,10:13 AM,Landed 10:38 AM
regeneron,N459FX,14 Dec 2025,St. Louis (SUS),West Palm Beach (PBI),LXJ459,2:06,10:30 AM,12:58 PM,4:24 PM,Landed 4:05 PM
regeneron,N459FX,13 Dec 2025,Miami (MIA),St. Louis (SUS),LXJ459,2:28,9:00 AM,9:53 AM,10:33 AM,Landed 11:21 AM
regeneron,N459FX,12 Dec 2025,Liberia (LIR),Miami (MIA),LXJ459,2:16,2:56 PM,12:41 PM,3:28 PM,Landed 3:56 PM
regeneron,N459FX,12 Dec 2025,Boca Raton (BCT),Liberia (LIR),LXJ459,2:41,9:30 AM,10:11 AM,11:18 AM,Landed 11:52 AM
regeneron,N459FX,11 Dec 2025,Orlando (ORL),Boca Raton (BCT),LXJ459,0:37,1:30 PM,2:09 PM,2:13 PM,Landed 2:46 PM
regeneron,N459FX,11 Dec 2025,Atlanta (PDK),Orlando (ORL),LXJ459,1:01,11:23 AM,11:50 AM,12:31 PM,Landed 12:52 PM
regeneron,N459FX,11 Dec 2025,Charlotte (CLT),Atlanta (PDK),LXJ459,0:44,10:00 AM,10:30 AM,10:49 AM,Landed 11:14 AM
regeneron,N459FX,10 Dec 2025,West Palm Beach (PBI),Charlotte (CLT),LXJ459,1:25,10:43 PM,11:03 PM,12:20 AM,Landed 12:28 AM
regeneron,N459FX,10 Dec 2025,Philadelphia (PHL),West Palm Beach (PBI),LXJ459,2:23,7:30 PM,7:52 PM,9:45 PM,Landed 10:15 PM
regeneron,N459FX,10 Dec 2025,West Palm Beach (PBI),Philadelphia (PHL),LXJ459,2:13,7:00 AM,7:37 AM,9:50 AM,Landed 9:50 AM
regeneron,N459FX,09 Dec 2025,Greenville-Spartanburg (GSP),West Palm Beach (PBI),LXJ459,1:25,2:35 PM,1:10 PM,2:35 PM,Landed 2:35 PM
regeneron,N459FX,08 Dec 2025,Miami (OPF),Greenville-Spartanburg (GSP),LXJ459,1:25,1:28 PM,12:02 PM,1:28 PM,Landed 1:28 PM
regeneron,N459FX,08 Dec 2025,Teterboro (TEB),Miami (OPF),LXJ459,2:54,10:51 AM,7:57 AM,10:51 AM,Landed 10:51 AM
regeneron,N459FX,07 Dec 2025,Cartagena (CTG),Teterboro (TEB),LXJ459,4:27,2:56 PM,10:29 AM,2:56 PM,Landed 2:56 PM
regeneron,N459FX,06 Dec 2025,Belize City (BZE),Cartagena (CTG),LXJ459,2:09,5:38 PM,3:29 PM,6:38 PM,Landed 6:38 PM
regeneron,N459FX,06 Dec 2025,Dallas (DAL),Belize City (BZE),LXJ459,2:39,2:15 PM,11:36 AM,2:15 PM,Landed 2:15 PM
regeneron,N459FX,03 Dec 2025,San Antonio (SAT),Dallas (DAL),LXJ459,0:49,10:20 AM,9:30 AM,10:20 AM,Landed 10:20 AM
regeneron,N459FX,02 Dec 2025,Morristown (MMU),San Antonio (SAT),LXJ459,3:53,11:45 AM,11:58 AM,2:42 PM,Landed 2:51 PM
regeneron,N459FX,02 Dec 2025,Teterboro (TEB),Morristown (MMU),LXJ459,0:17,9:46 AM,9:43 AM,10:00 AM,Landed 10:00 AM
regeneron,N459FX,02 Dec 2025,Aguadilla (BQN),Teterboro (TEB),LXJ459,3:38,5:40 AM,6:01 AM,8:11 AM,Landed 8:39 AM
regeneron,N459FX,01 Dec 2025,San Juan (SJU),Aguadilla (BQN),LXJ459,0:20,3:30 PM,3:10 PM,3:28 PM,Landed 3:30 PM
regeneron,N459FX,01 Dec 2025,New York (JFK),San Juan (SJU),LXJ459,3:18,9:00 AM,9:45 AM,1:31 PM,Landed 2:03 PM
regeneron,N459FX,30 Nov 2025,White Plains (HPN),New York (JFK),LXJ459,0:30,2:10 PM,4:19 PM,3:10 PM,Landed 4:49 PM
regeneron,N459FX,30 Nov 2025,The Valley (AXA),White Plains (HPN),LXJ459,4:12,10:00 AM,10:30 AM,12:46 PM,Landed 1:42 PM
regeneron,N459FX,29 Nov 2025,Naples (APF),The Valley (AXA),LXJ459,2:34,12:30 PM,12:54 PM,4:30 PM,Landed 4:27 PM
regeneron,N459FX,28 Nov 2025,Chicago (PWK),Naples (APF),LXJ459,2:22,7:00 PM,7:27 PM,10:32 PM,Landed 10:49 PM
regeneron,N459FX,28 Nov 2025,Fernandina Beach (QSB),Chicago (PWK),LXJ459,2:17,3:30 PM,4:03 PM,4:41 PM,Landed 5:20 PM
regeneron,N459FX,25 Nov 2025,Chicago (PWK),Fernandina Beach (QSB),LXJ459,1:53,3:30 PM,4:04 PM,6:30 PM,Landed 6:57 PM
regeneron,N459FX,25 Nov 2025,Evansville (EVV),Chicago (PWK),LXJ459,0:53,1:39 PM,1:07 PM,2:33 PM,Landed 2:00 PM
regeneron,N459FX,25 Nov 2025,Miami (TMB),Evansville (EVV),LXJ459,2:09,8:45 AM,9:39 AM,10:00 AM,Landed 10:49 AM
regeneron,N459FX,24 Nov 2025,Miami (MIA),Miami (TMB),LXJ459,0:15,4:05 PM,4:34 PM,4:20 PM,Landed 4:49 PM
regeneron,N459FX,24 Nov 2025,New York (JFK),Miami (MIA),LXJ459,2:22,1:00 PM,1:30 PM,3:25 PM,Landed 3:52 PM
regeneron,N459FX,24 Nov 2025,White Plains (HPN),New York (JFK),LXJ459,0:26,10:33 AM,10:55 AM,11:05 AM,Landed 11:21 AM
regeneron,N459FX,22 Nov 2025,Los Angeles (LAX),White Plains (HPN),LXJ459,4:42,10:30 PM,11:15 PM,6:22 AM,Landed 6:57 AM
regeneron,N459FX,22 Nov 2025,Santa Ana (SNA),Los Angeles (LAX),LXJ459,0:16,8:37 PM,8:52 PM,8:56 PM,Landed 9:08 PM
regeneron,N459FX,21 Nov 2025,San Jose (SJC),Santa Ana (SNA),LXJ459,1:28,8:00 PM,8:10 PM,9:04 PM,Landed 9:38 PM
regeneron,N459FX,21 Nov 2025,Santa Ana (SNA),San Jose (SJC),LXJ459,0:55,10:00 AM,10:46 AM,11:07 AM,Landed 11:41 AM
regeneron,N459FX,20 Nov 2025,New Haven (HVN),Santa Ana (SNA),LXJ459,5:54,3:30 PM,3:55 PM,6:11 PM,Landed 6:49 PM
regeneron,N459FX,20 Nov 2025,Teterboro (TEB),New Haven (HVN),LXJ459,0:26,12:45 PM,1:50 PM,1:13 PM,Landed 2:15 PM
regeneron,N459FX,20 Nov 2025,Chicago (MDW),Teterboro (TEB),LXJ459,1:26,9:00 AM,9:58 AM,11:41 AM,Landed 12:25 PM
regeneron,N459FX,19 Nov 2025,Cleveland (CLE),Chicago (MDW),LXJ459,0:58,6:02 PM,5:57 PM,6:06 PM,Landed 5:55 PM
regeneron,N459FX,11 Nov 2025,Akron (CAK),Cleveland (CGF),LXJ459,-,9:34 AM,9:54 AM,9:55 AM,Diverted to CLE
regeneron,N459FX,11 Nov 2025,Oklahoma City (OKC),Akron (CAK),LXJ459,2:05,5:30 AM,6:14 AM,8:44 AM,Landed 9:19 AM
regeneron,N459FX,10 Nov 2025,Dallas (DAL),Oklahoma City (OKC),LXJ459,0:38,2:13 PM,3:47 PM,2:57 PM,Landed 4:25 PM
regeneron,N459FX,10 Nov 2025,Providenciales (PLS),Dallas (DAL),LXJ459,3:55,11:00 AM,11:30 AM,1:59 PM,Landed 2:26 PM
regeneron,N459FX,10 Nov 2025,Boca Raton (BCT),Providenciales (PLS),LXJ459,1:27,8:35 AM,8:30 AM,10:07 AM,Landed 9:57 AM
regeneron,N459FX,09 Nov 2025,Houston (SGR),Boca Raton (BCT),LXJ459,1:57,3:30 PM,4:08 PM,6:42 PM,Landed 7:05 PM
regeneron,N459FX,09 Nov 2025,North Eleuthera (ELH),Houston (SGR),LXJ459,2:59,12:30 PM,12:08 PM,2:20 PM,Landed 2:07 PM
regeneron,N459FX,09 Nov 2025,Miami (OPF),North Eleuthera (ELH),LXJ459,0:40,10:46 AM,10:46 AM,11:34 AM,Landed 11:26 AM
regeneron,N459FX,08 Nov 2025,Teterboro (TEB),Miami (OPF),LXJ459,2:44,5:00 PM,7:08 PM,7:45 PM,Landed 9:52 PM
regeneron,N459FX,08 Nov 2025,Providence (PVD),Teterboro (TEB),LXJ459,0:48,2:44 PM,2:55 PM,3:39 PM,Landed 3:43 PM
regeneron,N459FX,08 Nov 2025,Miami (MIA),Providence (PVD),LXJ459,2:42,10:30 AM,11:17 AM,1:08 PM,Landed 2:00 PM
regeneron,N459FX,07 Nov 2025,George Town (GCM),Miami (MIA),LXJ459,1:06,4:41 PM,3:34 PM,3:39 PM,Landed 4:41 PM
regeneron,N459FX,07 Nov 2025,Teterboro (TEB),George Town (GCM),LXJ459,3:33,10:00 AM,11:07 AM,1:25 PM,Landed 2:40 PM
regeneron,N459FX,06 Nov 2025,South Bend (SBN),Teterboro (TEB),LXJ459,1:20,6:49 PM,8:12 PM,8:24 PM,Landed 9:32 PM
regeneron,N459FX,06 Nov 2025,Philadelphia (TTN),South Bend (SBN),LXJ459,1:34,4:15 PM,5:02 PM,5:52 PM,Landed 6:36 PM
regeneron,N459FX,06 Nov 2025,Fort Myers (RSW),Philadelphia (TTN),LXJ459,2:19,12:30 PM,12:48 PM,3:13 PM,Landed 3:07 PM
regeneron,N459FX,05 Nov 2025,Houston (DWH),Fort Myers (RSW),LXJ459,2:09,10:30 AM,11:26 AM,1:51 PM,Landed 2:36 PM
regeneron,N459FX,05 Nov 2025,Dallas (DAL),Houston (DWH),LXJ459,0:37,8:47 AM,9:13 AM,9:38 AM,Landed 9:50 AM
regeneron,N459FX,03 Nov 2025,Cabo San Lucas (CSL),Dallas (DAL),LXJ459,2:29,10:39 AM,10:42 AM,2:07 PM,Landed 2:11 PM
regeneron,N459FX,02 Nov 2025,Vancouver (YVR),Vancouver (YVR),LXJ459,-,3:30 PM,3:48 PM,7:46 PM,Diverted to CSL
regeneron,N459FX,02 Nov 2025,Sacramento (MHR),Vancouver (YVR),LXJ459,1:41,12:15 PM,12:21 PM,2:06 PM,Landed 2:01 PM
regeneron,N459FX,01 Nov 2025,New York (EWR),Sacramento (MHR),LXJ459,5:03,5:15 PM,5:17 PM,7:17 PM,Landed 7:19 PM
regeneron,N459FX,01 Nov 2025,Charleston (JZI),New York (EWR),LXJ459,1:30,2:14 PM,2:25 PM,3:59 PM,Landed 3:55 PM
regeneron,N459FX,31 Oct 2025,White Plains (HPN),Charleston (JZI),LXJ459,1:46,7:39 AM,12:44 PM,8:05 AM,Landed 2:31 PM
regeneron,N459FX,29 Oct 2025,Washington (DCA),White Plains (HPN),LXJ459,0:49,4:45 PM,4:51 PM,5:51 PM,Landed 5:39 PM
regeneron,N459FX,29 Oct 2025,Washington (IAD),Washington (DCA),LXJ459,0:19,2:53 PM,2:55 PM,3:09 PM,Landed 3:14 PM
regeneron,N459FX,28 Oct 2025,San Francisco (SFO),Washington (IAD),LXJ459,4:39,1:45 PM,2:16 PM,9:33 PM,Landed 9:55 PM
regeneron,N459FX,28 Oct 2025,Oakland (OAK),San Francisco (SFO),LXJ459,0:13,11:57 AM,12:48 PM,12:10 PM,Landed 1:02 PM
regeneron,N459FX,25 Oct 2025,Van Nuys (VNY),Napa (APC),LXJ459,-,9:30 AM,9:25 AM,9:39 AM,Diverted to OAK
regeneron,N459FX,24 Oct 2025,San Jose (SJC),Van Nuys (VNY),LXJ459,0:45,1:30 PM,2:13 PM,1:58 PM,Landed 1:58 PM
regeneron,N459FX,24 Oct 2025,Mountain View (NUQ),San Jose (SJC),LXJ459,0:14,11:41 AM,12:40 PM,11:52 AM,Landed 12:54 PM
regeneron,N459FX,24 Oct 2025,Teterboro (TEB),Mountain View (NUQ),LXJ459,5:30,8:00 AM,9:12 AM,10:18 AM,Landed 11:42 AM
regeneron,N459FX,23 Oct 2025,Coatesville (CTH),Teterboro (TEB),LXJ459,0:36,3:38 PM,4:06 PM,4:10 PM,Landed 4:42 PM
regeneron,N459FX,23 Oct 2025,West Palm Beach (PBI),Coatesville (CTH),LXJ459,2:17,12:30 PM,1:09 PM,3:13 PM,Landed 3:26 PM
regeneron,N459FX,23 Oct 2025,White Plains (HPN),West Palm Beach (PBI),LXJ459,2:30,8:00 AM,9:12 AM,10:27 AM,Landed 11:42 AM
regeneron,N459FX,22 Oct 2025,Zurich (ZRH),White Plains (HPN),LXJ459,8:51,4:50 PM,5:13 PM,7:42 PM,Landed 8:04 PM
regeneron,N459FX,20 Oct 2025,White Plains (HPN),Zurich (ZRH),LXJ459,7:18,6:30 AM,6:49 AM,7:55 PM,Landed 8:07 PM
regeneron,N459FX,19 Oct 2025,Charlottesville (CHO),White Plains (HPN),LXJ459,1:06,2:30 PM,3:07 PM,3:45 PM,Landed 4:13 PM
regeneron,N459FX,19 Oct 2025,Dallas (DAL),Charlottesville (CHO),LXJ459,2:09,10:11 AM,10:45 AM,1:32 PM,Landed 1:54 PM
regeneron,N459FX,18 Oct 2025,Pickens (LQK),El Dorado (ELD),LXJ459,-,7:00 PM,8:26 PM,7:31 PM,Diverted to DAL
regeneron,N459FX,18 Oct 2025,Dallas (DAL),Pickens (LQK),LXJ459,1:43,10:40 AM,11:25 AM,1:32 PM,Landed 2:08 PM
regeneron,N459FX,17 Oct 2025,Austin (AUS),Dallas (DAL),LXJ459,0:43,5:31 PM,6:07 PM,6:16 PM,Landed 6:50 PM
regeneron,N459FX,17 Oct 2025,San Jose (SJC),Austin (AUS),LXJ459,3:11,11:30 AM,12:04 PM,4:41 PM,Landed 5:15 PM
regeneron,N459FX,16 Oct 2025,San Francisco (SFO),San Jose (SJC),LXJ459,0:19,9:05 PM,10:04 PM,9:42 PM,Landed 10:23 PM
regeneron,N459FX,16 Oct 2025,Washington (IAD),San Francisco (SFO),LXJ459,5:15,5:30 PM,6:21 PM,7:48 PM,Landed 8:36 PM
regeneron,N459FX,16 Oct 2025,South Bend (SBN),Washington (IAD),LXJ459,1:06,3:33 PM,3:56 PM,4:57 PM,Landed 5:02 PM
regeneron,N459FX,16 Oct 2025,Philadelphia (TTN),South Bend (SBN),LXJ459,1:35,1:00 PM,1:38 PM,2:35 PM,Landed 3:13 PM
regeneron,N459FX,16 Oct 2025,Washington (IAD),Philadelphia (TTN),LXJ459,0:38,11:17 AM,11:31 AM,12:00 PM,Landed 12:09 PM
regeneron,N459FX,15 Oct 2025,Los Angeles (LAX),Washington (IAD),LXJ459,4:14,3:30 PM,3:57 PM,10:57 PM,Landed 11:11 PM
regeneron,N459FX,14 Oct 2025,Cabo San Lucas (CSL),Los Angeles (LAX),LXJ459,2:04,3:06 PM,3:59 PM,5:03 PM,Landed 5:03 PM
regeneron,N459FX,14 Oct 2025,Miami (OPF),Cabo San Lucas (CSL),LXJ459,3:49,1:00 PM,1:58 PM,1:56 PM,Landed 2:46 PM
regeneron,N459FX,14 Oct 2025,White Plains (HPN),Miami (OPF),LXJ459,2:41,8:29 AM,10:02 AM,10:58 AM,Landed 12:42 PM
regeneron,N459FX,13 Oct 2025,Burlington (QQY),White Plains (HPN),LXJ459,1:20,7:02 PM,6:44 PM,8:34 PM,Landed 8:04 PM
regeneron,N459FX,13 Oct 2025,Akron (CAK),Burlington (QQY),LXJ459,0:49,5:03 PM,5:13 PM,6:03 PM,Landed 6:02 PM
regeneron,N459FX,13 Oct 2025,Las Vegas (LAS),Akron (CAK),LXJ459,3:16,9:30 AM,10:37 AM,4:00 PM,Landed 4:53 PM
regeneron,N459FX,13 Oct 2025,Van Nuys (VNY),Las Vegas (LAS),LXJ459,0:42,7:33 AM,8:06 AM,8:20 AM,Landed 8:48 AM
regeneron,N459FX,11 Oct 2025,White Plains (HPN),Van Nuys (VNY),LXJ459,5:29,9:15 PM,11:09 PM,11:54 PM,Landed 1:38 AM
regeneron,N459FX,10 Oct 2025,Raleigh-Durham (RDU),White Plains (HPN),LXJ459,1:14,3:00 PM,3:40 PM,4:25 PM,Landed 4:55 PM
regeneron,N459FX,10 Oct 2025,West Palm Beach (PBI),Raleigh-Durham (RDU),LXJ459,1:33,11:57 AM,11:23 AM,1:49 PM,Landed 12:56 PM
regeneron,N459FX,10 Oct 2025,Houston (SGR),West Palm Beach (PBI),LXJ459,1:58,6:30 AM,7:03 AM,9:43 AM,Landed 10:01 AM
regeneron,N459FX,09 Oct 2025,Nashville (BNA),Houston (SGR),LXJ459,1:29,9:15 PM,9:05 PM,10:57 PM,Landed 10:34 PM
regeneron,N459FX,09 Oct 2025,Houston (SGR),Nashville (BNA),LXJ459,1:39,2:20 PM,3:10 PM,4:03 PM,Landed 4:48 PM
regeneron,N459FX,08 Oct 2025,New Orleans (NEW),Houston (SGR),LXJ459,0:54,4:30 PM,4:41 PM,5:31 PM,Landed 5:35 PM
regeneron,N459FX,08 Oct 2025,San Luis Obispo (SBP),New Orleans (NEW),LXJ459,3:30,9:30 AM,9:56 AM,3:07 PM,Landed 3:26 PM
regeneron,N459FX,07 Oct 2025,Los Angeles (LAX),San Luis Obispo (SBP),LXJ459,0:31,5:33 PM,6:03 PM,6:13 PM,Landed 6:34 PM
regeneron,N459FX,07 Oct 2025,Miami (MIA),Los Angeles (LAX),LXJ459,5:13,2:30 PM,3:04 PM,4:35 PM,Landed 5:16 PM
regeneron,N459FX,07 Oct 2025,Boca Raton (BCT),Miami (MIA),LXJ459,0:22,12:36 PM,1:00 PM,1:00 PM,Landed 1:21 PM
regeneron,N459FX,06 Oct 2025,New York (LGA),Boca Raton (BCT),LXJ459,2:15,10:30 AM,11:24 AM,12:50 PM,Landed 1:39 PM
regeneron,N459FX,05 Oct 2025,Chicago (MDW),New York (LGA),LXJ459,1:35,3:00 PM,3:59 PM,5:49 PM,Landed 6:34 PM
regeneron,N459FX,05 Oct 2025,Dallas (DAL),Chicago (MDW),LXJ459,1:50,11:00 AM,11:40 AM,1:02 PM,Landed 1:30 PM
regeneron,N459FX,04 Oct 2025,San Jose del Cabo (SJD),Dallas (DAL),LXJ459,2:29,9:15 AM,9:18 AM,1:43 PM,Landed 1:46 PM
regeneron,N459FX,04 Oct 2025,Scottsdale (SCF),San Jose del Cabo (SJD),LXJ459,1:42,6:02 AM,6:24 AM,7:53 AM,Landed 8:06 AM
regeneron,N459FX,03 Oct 2025,Scottsdale (SCF),Scottsdale (SCF),LXJ459,0:18,3:00 PM,3:12 PM,3:33 PM,Landed 3:30 PM
regeneron,N459FX,03 Oct 2025,Monterey (MRY),Scottsdale (SCF),LXJ459,1:21,7:30 AM,7:45 AM,9:06 AM,Landed 9:07 AM
regeneron,N459FX,02 Oct 2025,Oakland (OAK),Monterey (MRY),LXJ459,0:30,6:54 PM,7:28 PM,7:57 PM,Landed 7:58 PM
regeneron,N459FX,02 Oct 2025,Camarillo (QTC),Oakland (OAK),LXJ459,0:46,5:00 PM,6:01 PM,5:56 PM,Landed 6:46 PM
regeneron,N459FX,02 Oct 2025,Thermal (TRM),Camarillo (QTC),LXJ459,0:40,2:46 PM,3:19 PM,3:33 PM,Landed 3:59 PM
regeneron,N459FX,02 Oct 2025,Van Nuys (VNY),Thermal (TRM),LXJ459,0:28,11:30 AM,12:24 PM,12:51 PM,Landed 12:53 PM
regeneron,N459FX,02 Oct 2025,San Francisco (SFO),Van Nuys (VNY),LXJ459,0:51,10:00 AM,10:10 AM,11:00 AM,Landed 11:00 AM
regeneron,N459FX,30 Sep 2025,Nassau (NAS),San Francisco (SFO),LXJ459,5:57,8:00 AM,11:21 AM,10:49 AM,Landed 2:18 PM
regeneron,N459FX,29 Sep 2025,Naples (APF),Nassau (NAS),LXJ459,0:46,6:10 PM,6:28 PM,7:06 PM,Landed 7:14 PM
regeneron,N459FX,29 Sep 2025,Baltimore (BWI),Naples (APF),LXJ459,2:21,2:30 PM,3:04 PM,5:24 PM,Landed 5:25 PM
regeneron,N459FX,29 Sep 2025,Detroit (DTW),Baltimore (BWI),LXJ459,1:08,11:55 AM,12:39 PM,1:59 PM,Landed 1:47 PM
regeneron,N459FX,28 Sep 2025,Chicago (ORD),Windsor (YQG),LXJ459,-,2:30 PM,4:11 PM,5:53 PM,Diverted to DTW
regeneron,N459FX,28 Sep 2025,Traverse City (TVC),Chicago (ORD),LXJ459,0:45,12:30 PM,1:00 PM,12:57 PM,Landed 12:45 PM
regeneron,N459FX,28 Sep 2025,Cleveland (CGF),Traverse City (TVC),LXJ459,0:52,10:06 AM,10:40 AM,11:37 AM,Landed 11:33 AM
regeneron,N459FX,27 Sep 2025,Bangor (BGR),Cleveland (CGF),LXJ459,1:38,10:38 AM,11:35 AM,1:10 PM,Landed 1:13 PM
regeneron,N459FX,27 Sep 2025,Dublin (DUB),Bangor (BGR),LXJ459,6:02,9:00 AM,9:59 AM,10:59 AM,Landed 11:01 AM
regeneron,N459FX,25 Sep 2025,London (LTN),Dublin (DUB),LXJ459,0:53,7:24 PM,7:50 PM,8:31 PM,Landed 8:43 PM
regeneron,N459FX,25 Sep 2025,Toronto (YYZ),London (LTN),LXJ459,6:39,6:30 AM,6:54 AM,6:06 PM,Landed 6:33 PM
regeneron,N459FX,24 Sep 2025,Bedford (BED),Toronto (YYZ),LXJ459,1:20,10:24 AM,10:42 AM,12:08 PM,Landed 12:01 PM
regeneron,N459FX,23 Sep 2025,San Jose (SJC),Bedford (BED),LXJ459,5:00,1:00 PM,2:18 PM,10:21 PM,Landed 10:18 PM
regeneron,N459FX,23 Sep 2025,Van Nuys (VNY),San Jose (SJC),LXJ459,0:42,10:38 AM,11:04 AM,11:54 AM,Landed 11:47 AM
regeneron,N459FX,22 Sep 2025,Cancun (CUN),Van Nuys (VNY),LXJ459,4:32,9:49 PM,5:17 PM,7:32 PM,Landed 7:49 PM
regeneron,N459FX,22 Sep 2025,Nashville (BNA),Cancun (CUN),LXJ459,2:23,1:10 PM,1:24 PM,4:05 PM,Landed 3:47 PM
regeneron,N459FX,21 Sep 2025,Little Rock (LIT),Nashville (BNA),LXJ459,0:48,9:30 PM,10:07 PM,11:03 PM,Landed 10:55 PM
regeneron,N459FX,21 Sep 2025,Chicago (MDW),Little Rock (LIT),LXJ459,1:16,6:54 PM,8:12 PM,9:30 PM,Landed 9:28 PM
regeneron,N459FX,21 Sep 2025,Teterboro (TEB),Chicago (MDW),LXJ459,2:02,5:00 PM,5:47 PM,6:48 PM,Landed 6:48 PM
regeneron,N459FX,20 Sep 2025,Dallas (DAL),Teterboro (TEB),LXJ459,2:50,8:30 PM,9:04 PM,12:54 AM,Landed 12:54 AM
regeneron,N459FX,20 Sep 2025,Teterboro (TEB),Dallas (DAL),LXJ459,3:00,4:30 PM,4:35 PM,6:47 PM,Landed 6:35 PM
regeneron,N459FX,19 Sep 2025,Aspen (ASE),Teterboro (TEB),LXJ459,3:32,8:30 AM,9:20 AM,2:55 PM,Landed 2:53 PM
regeneron,N459FX,18 Sep 2025,Teterboro (TEB),Aspen (ASE),LXJ459,3:43,7:00 AM,7:53 AM,9:41 AM,Landed 9:36 AM
regeneron,N459FX,16 Sep 2025,Dillingham (DLG),Teterboro (TEB),LXJ459,7:03,9:30 AM,10:18 AM,9:21 PM,Landed 9:21 PM
regeneron,N459FX,14 Sep 2025,King Salmon (AKN),Dillingham (DLG),LXJ459,0:18,7:25 PM,7:23 PM,7:41 PM,Landed 7:42 PM
regeneron,N459FX,14 Sep 2025,Monterey (MRY),King Salmon (AKN),LXJ459,4:34,1:30 PM,3:25 PM,7:02 PM,Landed 6:59 PM
regeneron,N459FX,14 Sep 2025,San Jose (SJC),Monterey (MRY),LXJ459,0:22,11:40 AM,12:06 PM,12:38 PM,Landed 12:28 PM
regeneron,N459FX,13 Sep 2025,Atlanta (QQR),San Jose (SJC),LXJ459,4:29,1:30 PM,2:45 PM,2:59 PM,Landed 4:14 PM
regeneron,N459FX,13 Sep 2025,Pontiac (PTK),Atlanta (QQR),LXJ459,1:23,10:31 AM,11:01 AM,12:03 PM,Landed 12:24 PM
regeneron,N459FX,12 Sep 2025,Boca Raton (BCT),Pontiac (PTK),LXJ459,2:24,10:30 AM,11:00 AM,1:29 PM,Landed 1:23 PM
regeneron,N459FX,12 Sep 2025,Venice (VNC),Boca Raton (BCT),LXJ459,0:32,8:20 AM,8:55 AM,9:31 AM,Landed 9:27 AM
regeneron,N459FX,11 Sep 2025,Morristown (MMU),Venice (VNC),LXJ459,2:29,11:30 AM,12:37 PM,3:06 PM,Landed 3:06 PM
regeneron,N459FX,11 Sep 2025,Orlando (SFB),Morristown (MMU),LXJ459,2:00,8:00 AM,9:25 AM,11:23 AM,Landed 11:25 AM
regeneron,N459FX,07 Sep 2025,Sarasota (SRQ),Orlando (SFB),LXJ459,0:33,4:07 PM,3:25 PM,3:59 PM,Landed 3:58 PM
regeneron,N459FX,07 Sep 2025,Chattanooga (CHA),Sarasota (SRQ),LXJ459,1:20,1:45 PM,1:42 PM,3:24 PM,Landed 3:02 PM
regeneron,N459FX,07 Sep 2025,Nashville (BNA),Chattanooga (CHA),LXJ459,0:23,11:30 AM,11:59 AM,1:30 PM,Landed 1:22 PM
regeneron,N459FX,07 Sep 2025,Council Bluffs (CBF),Nashville (BNA),LXJ459,1:19,8:33 AM,9:02 AM,10:28 AM,Landed 10:21 AM
regeneron,N459FX,06 Sep 2025,St. Louis (CPS),Council Bluffs (CBF),LXJ459,0:54,6:15 PM,6:54 PM,7:56 PM,Landed 7:48 PM
regeneron,N459FX,06 Sep 2025,Tuscaloosa (TCL),St. Louis (CPS),LXJ459,0:56,2:30 PM,2:11 PM,3:55 PM,Landed 3:07 PM
regeneron,N459FX,06 Sep 2025,Santa Ana (SNA),Tuscaloosa (TCL),LXJ459,3:09,8:15 AM,8:32 AM,2:21 PM,Landed 1:41 PM
regeneron,N459FX,05 Sep 2025,Van Nuys (VNY),Santa Ana (SNA),LXJ459,0:18,1:30 PM,2:12 PM,2:34 PM,Landed 2:30 PM
regeneron,N459FX,01 Sep 2025,Pellston (PLN),Van Nuys (VNY),LXJ459,3:58,12:30 PM,1:38 PM,2:45 PM,Landed 2:35 PM
regeneron,N459FX,01 Sep 2025,Detroit (DTW),Pellston (PLN),LXJ459,0:42,10:14 AM,10:54 AM,11:36 AM,Landed 11:36 AM
regeneron,N459FX,29 Aug 2025,Windsor (YQG),Detroit (DTW),LXJ459,0:13,5:00 PM,5:05 PM,5:18 PM,Landed 5:18 PM
regeneron,N459FX,29 Aug 2025,Youngstown (YNG),Windsor (YQG),LXJ459,0:32,1:30 PM,2:26 PM,3:04 PM,Landed 2:58 PM
regeneron,N459FX,29 Aug 2025,Cleveland (CLE),Youngstown (YNG),LXJ459,0:15,9:25 AM,9:22 AM,9:40 AM,Landed 9:37 AM
regeneron,N459FX,29 Aug 2025,Windsor (YQG),Cleveland (CLE),LXJ459,0:19,8:30 AM,8:33 AM,9:16 AM,Landed 8:52 AM
regeneron,N459FX,28 Aug 2025,Atlanta (PDK),Windsor (YQG),LXJ459,1:24,3:00 PM,3:06 PM,4:47 PM,Landed 4:30 PM
regeneron,N459FX,27 Aug 2025,Dallas (DAL),Atlanta (PDK),LXJ459,1:36,9:50 AM,10:33 AM,1:11 PM,Landed 1:09 PM
regeneron,N459FX,26 Aug 2025,Dallas (DAL),Dallas (DAL),LXJ459,0:17,12:45 PM,1:21 PM,1:14 PM,Landed 1:37 PM
regeneron,N459FX,26 Aug 2025,Aspen (ASE),Dallas (DAL),LXJ459,1:40,8:30 AM,9:08 AM,11:53 AM,Landed 11:48 AM
regeneron,N459FX,25 Aug 2025,Seattle (BFI),Aspen (ASE),LXJ459,2:16,11:30 AM,12:15 PM,3:30 PM,Landed 3:31 PM
regeneron,N459FX,24 Aug 2025,North Bend (OTH),Seattle (BFI),LXJ459,0:46,12:16 PM,12:48 PM,1:41 PM,Landed 1:34 PM
regeneron,N459FX,24 Aug 2025,Waukesha (UES),North Bend (OTH),LXJ459,3:59,9:48 AM,9:54 AM,11:50 AM,Landed 11:53 AM
regeneron,N459FX,24 Aug 2025,Holland (QTB),Waukesha (UES),LXJ459,0:24,9:30 AM,9:53 AM,9:03 AM,Landed 9:17 AM
regeneron,N459FX,23 Aug 2025,Charlottesville (CHO),Holland (QTB),LXJ459,1:19,4:52 PM,5:01 PM,6:13 PM,Landed 6:20 PM
regeneron,N459FX,23 Aug 2025,Hailey (SUN),Charlottesville (CHO),LXJ459,3:33,10:00 AM,10:36 AM,4:09 PM,Landed 4:08 PM
regeneron,N459FX,23 Aug 2025,Denver (APA),Hailey (SUN),LXJ459,1:33,7:29 AM,8:01 AM,9:23 AM,Landed 9:33 AM
regeneron,N459FX,22 Aug 2025,Washington (IAD),Denver (APA),LXJ459,3:05,4:30 PM,4:53 PM,6:09 PM,Landed 5:58 PM
regeneron,N459FX,22 Aug 2025,Toronto (YYZ),Washington (IAD),LXJ459,0:58,12:53 PM,12:52 PM,1:48 PM,Landed 1:50 PM
regeneron,N459FX,22 Aug 2025,Traverse City (TVC),Toronto (YYZ),LXJ459,0:48,11:00 AM,10:55 AM,12:25 PM,Landed 11:43 AM
regeneron,N459FX,21 Aug 2025,Pellston (PLN),Traverse City (TVC),LXJ459,0:19,4:55 PM,5:56 PM,6:29 PM,Landed 6:15 PM
regeneron,N459FX,21 Aug 2025,Chicago (MDW),Pellston (PLN),LXJ459,0:51,2:00 PM,3:32 PM,5:21 PM,Landed 5:22 PM
regeneron,N459FX,21 Aug 2025,Nashville (BNA),Chicago (MDW),LXJ459,1:06,11:23 AM,11:58 AM,12:46 PM,Landed 1:04 PM
regeneron,N459FX,20 Aug 2025,North Bend (OTH),Nashville (BNA),LXJ459,3:58,9:30 AM,10:09 AM,3:29 PM,Landed 4:07 PM
regeneron,N459FX,18 Aug 2025,Farmingdale (FRG),North Bend (OTH),LXJ459,5:31,3:30 PM,3:37 PM,6:08 PM,Landed 6:08 PM
regeneron,N459FX,18 Aug 2025,Bedford (BED),Farmingdale (FRG),LXJ459,0:40,12:46 PM,1:18 PM,2:08 PM,Landed 1:58 PM
regeneron,N459FX,17 Aug 2025,Bedford (BED),Chicago (MDW),LXJ459,2:28,7:55 PM,7:46 PM,9:14 PM,Landed 9:14 PM
regeneron,N459FX,17 Aug 2025,Nassau (NAS),Bedford (BED),LXJ459,2:42,4:30 PM,5:07 PM,7:20 PM,Landed 7:50 PM
regeneron,N459FX,17 Aug 2025,Houston (QSE),Nassau (NAS),LXJ459,2:30,11:17 AM,11:28 AM,2:59 PM,Landed 2:58 PM
regeneron,N459FX,16 Aug 2025,Philadelphia (TTN),Houston (QSE),LXJ459,3:10,3:00 PM,3:56 PM,5:07 PM,Landed 6:07 PM
regeneron,N459FX,16 Aug 2025,Teterboro (TEB),Philadelphia (TTN),LXJ459,0:14,1:04 PM,1:10 PM,1:23 PM,Landed 1:24 PM
regeneron,N459FX,16 Aug 2025,Chicago (PWK),Teterboro (TEB),LXJ459,1:35,8:30 AM,8:53 AM,11:37 AM,Landed 11:29 AM
regeneron,N459FX,15 Aug 2025,Chicago (MDW),Chicago (PWK),LXJ459,0:17,2:30 PM,3:06 PM,3:21 PM,Landed 3:23 PM
regeneron,N459FX,14 Aug 2025,North Bend (OTH),Chicago (MDW),LXJ459,3:40,2:30 PM,3:46 PM,9:34 PM,Landed 9:25 PM
regeneron,N459FX,14 Aug 2025,Bozeman (BZN),North Bend (OTH),LXJ459,1:42,12:24 PM,1:10 PM,1:57 PM,Landed 1:53 PM
regeneron,N459FX,14 Aug 2025,Washington (IAD),Bozeman (BZN),LXJ459,3:48,9:30 AM,10:32 AM,12:32 PM,Landed 12:19 PM
regeneron,N459FX,13 Aug 2025,Teterboro (TEB),Washington (IAD),LXJ459,1:06,3:30 PM,3:38 PM,4:42 PM,Landed 4:43 PM
regeneron,N459FX,11 Aug 2025,Hayward (HWD),Teterboro (TEB),LXJ459,5:03,10:30 AM,11:00 AM,7:11 PM,Landed 7:03 PM
regeneron,N459FX,09 Aug 2025,Las Vegas (LAS),Hayward (HWD),LXJ459,0:57,10:30 PM,11:44 PM,12:45 AM,Landed 12:41 AM
regeneron,N459FX,09 Aug 2025,Hayward (HWD),Las Vegas (LAS),LXJ459,0:58,2:30 PM,3:10 PM,4:18 PM,Landed 4:09 PM
regeneron,N459FX,08 Aug 2025,San Jose (SJC),Hayward (HWD),LXJ459,0:08,3:30 PM,2:22 PM,4:04 PM,Landed 2:30 PM
regeneron,N459FX,07 Aug 2025,Santa Barbara (SBA),San Jose (SJC),LXJ459,0:38,5:30 PM,6:24 PM,7:10 PM,Landed 7:01 PM
regeneron,N459FX,07 Aug 2025,San Diego (CLD),Santa Barbara (SBA),LXJ459,0:37,3:16 PM,3:06 PM,3:42 PM,Landed 3:43 PM
regeneron,N459FX,07 Aug 2025,San Jose (SJC),San Diego (CLD),LXJ459,1:03,10:30 AM,11:07 AM,12:18 PM,Landed 12:10 PM
regeneron,N459FX,06 Aug 2025,Denver (DEN),San Jose (SJC),LXJ459,2:13,2:30 PM,2:40 PM,3:51 PM,Landed 3:53 PM
regeneron,N459FX,06 Aug 2025,Aspen (ASE),Denver (DEN),LXJ459,0:31,11:56 AM,1:22 PM,2:02 PM,Landed 1:53 PM
regeneron,N459FX,06 Aug 2025,Napa (APC),Aspen (ASE),LXJ459,1:53,8:00 AM,8:55 AM,11:33 AM,Landed 11:48 AM
regeneron,N459FX,05 Aug 2025,Monterey (MRY),Napa (APC),LXJ459,0:29,5:17 PM,5:49 PM,6:24 PM,Landed 6:18 PM
regeneron,N459FX,05 Aug 2025,Van Nuys (VNY),Monterey (MRY),LXJ459,0:42,3:30 PM,4:29 PM,5:15 PM,Landed 5:11 PM
regeneron,N459FX,05 Aug 2025,Oakland (OAK),Van Nuys (VNY),LXJ459,0:49,1:05 PM,1:11 PM,1:59 PM,Landed 2:00 PM
regeneron,N459FX,04 Aug 2025,White Plains (HPN),Oakland (OAK),LXJ459,5:29,6:00 AM,6:29 AM,9:05 AM,Landed 8:58 AM
regeneron,N459FX,03 Aug 2025,Chicago (UGN),White Plains (HPN),LXJ459,1:42,1:55 PM,2:45 PM,5:43 PM,Landed 5:26 PM
regeneron,N459FX,03 Aug 2025,Asheville (AVL),Chicago (UGN),LXJ459,1:31,12:30 PM,1:22 PM,1:51 PM,Landed 1:52 PM
regeneron,N459FX,03 Aug 2025,Miami (OPF),Asheville (AVL),LXJ459,1:36,9:23 AM,9:53 AM,11:44 AM,Landed 11:29 AM
regeneron,N459FX,02 Aug 2025,Bangor (BGR),Miami (OPF),LXJ459,3:08,2:38 PM,4:59 PM,8:16 PM,Landed 8:08 PM
regeneron,N459FX,02 Aug 2025,Nice (NCE),Bangor (BGR),LXJ459,7:55,12:30 PM,2:06 PM,4:09 PM,Landed 4:01 PM
regeneron,N459FX,02 Aug 2025,Marseille (MRS),Nice (NCE),LXJ459,0:25,11:00 AM,11:12 AM,11:30 AM,Landed 11:37 AM
regeneron,N459FX,31 Jul 2025,Nice (NCE),Marseille (MRS),LXJ459,0:25,9:50 PM,10:24 PM,10:24 PM,Landed 10:49 PM
regeneron,N459FX,31 Jul 2025,New York (LGA),Nice (NCE),LXJ459,7:14,7:00 AM,7:35 AM,8:54 PM,Landed 8:49 PM
regeneron,N459FX,29 Jul 2025,Coatesville (CTH),New York (LGA),LXJ459,0:34,3:53 PM,3:55 PM,4:50 PM,Landed 4:29 PM
regeneron,N459FX,29 Jul 2025,Eagle (EGE),Coatesville (CTH),LXJ459,3:12,9:30 AM,10:12 AM,3:29 PM,Landed 3:24 PM
regeneron,N459FX,29 Jul 2025,Scottsdale (SCF),Eagle (EGE),LXJ459,1:15,6:10 AM,6:47 AM,9:31 AM,Landed 9:02 AM
regeneron,N459FX,28 Jul 2025,Cleveland (BKL),Scottsdale (SCF),LXJ459,3:41,6:30 AM,7:32 AM,8:22 AM,Landed 8:13 AM
regeneron,N459FX,27 Jul 2025,Chicago (MDW),Cleveland (BKL),LXJ459,0:46,4:15 PM,4:33 PM,6:20 PM,Landed 6:19 PM
regeneron,N459FX,27 Jul 2025,Santa Rosa (STS),Chicago (MDW),LXJ459,3:34,9:30 AM,10:14 AM,3:54 PM,Landed 3:48 PM
regeneron,N459FX,27 Jul 2025,Santa Barbara (SBA),Santa Rosa (STS),LXJ459,1:02,7:03 AM,7:31 AM,8:45 AM,Landed 8:33 AM
regeneron,N459FX,25 Jul 2025,Seattle (BFI),Santa Barbara (SBA),LXJ459,2:03,4:45 PM,4:40 PM,7:12 PM,Landed 6:43 PM
regeneron,N459FX,25 Jul 2025,Vancouver (YVR),Seattle (BFI),LXJ459,0:24,3:39 PM,3:47 PM,4:12 PM,Landed 4:11 PM
regeneron,N459FX,25 Jul 2025,Mountain View (NUQ),Vancouver (YVR),LXJ459,1:55,12:45 PM,12:46 PM,3:04 PM,Landed 2:41 PM
regeneron,N459FX,25 Jul 2025,Van Nuys (VNY),Mountain View (NUQ),LXJ459,0:46,9:52 AM,10:23 AM,11:17 AM,Landed 11:10 AM
regeneron,N459FX,24 Jul 2025,Santa Ana (SNA),Van Nuys (VNY),LXJ459,0:22,5:30 PM,6:19 PM,6:46 PM,Landed 6:41 PM
regeneron,N459FX,23 Jul 2025,Kailua-Kona (KOA),Santa Ana (SNA),LXJ459,4:46,12:30 PM,1:42 PM,9:27 PM,Landed 9:28 PM
regeneron,N459FX,21 Jul 2025,Long Beach (LGB),Kailua-Kona (KOA),LXJ459,5:22,10:00 AM,10:31 AM,12:52 PM,Landed 12:53 PM
regeneron,N459FX,20 Jul 2025,Rifle (RIL),Long Beach (LGB),LXJ459,1:38,1:12 PM,1:17 PM,1:54 PM,Landed 1:54 PM
regeneron,N459FX,20 Jul 2025,Panama City (ECP),Aspen (ASE),LXJ459,-,10:05 AM,10:22 AM,12:21 PM,Diverted to RIL
regeneron,N459FX,20 Jul 2025,West Palm Beach (PBI),Panama City (ECP),LXJ459,1:04,9:15 AM,9:49 AM,9:54 AM,Landed 9:53 AM
regeneron,N459FX,20 Jul 2025,Miami (OPF),West Palm Beach (PBI),LXJ459,0:17,7:55 AM,8:20 AM,8:37 AM,Landed 8:37 AM
regeneron,N459FX,18 Jul 2025,Atlantic City (ACY),Miami (OPF),LXJ459,2:10,10:24 PM,11:13 PM,1:31 AM,Landed 1:23 AM
regeneron,N459FX,18 Jul 2025,Westhampton Beach (FOK),Atlantic City (ACY),LXJ459,0:32,8:45 PM,10:04 PM,10:43 PM,Landed 10:36 PM
regeneron,N459FX,18 Jul 2025,Burbank (BUR),Westhampton Beach (FOK),LXJ459,4:57,9:30 AM,10:47 AM,6:53 PM,Landed 6:44 PM
regeneron,N459FX,18 Jul 2025,Van Nuys (VNY),Burbank (BUR),LXJ459,0:08,8:10 AM,8:59 AM,9:20 AM,Landed 9:06 AM
regeneron,N459FX,17 Jul 2025,Westhampton Beach (FOK),Van Nuys (VNY),LXJ459,5:43,3:30 PM,4:45 PM,7:27 PM,Landed 7:28 PM
regeneron,N459FX,17 Jul 2025,Asheville (AVL),Westhampton Beach (FOK),LXJ459,1:35,12:19 PM,1:08 PM,2:41 PM,Landed 2:43 PM
regeneron,N459FX,17 Jul 2025,St. Petersburg (PIE),Asheville (AVL),LXJ459,1:17,10:00 AM,10:23 AM,11:57 AM,Landed 11:40 AM
regeneron,N459FX,17 Jul 2025,Stuart (SUA),St. Petersburg (PIE),LXJ459,0:37,8:00 AM,8:34 AM,9:14 AM,Landed 9:11 AM
regeneron,N459FX,16 Jul 2025,Wildwood (WWD),Stuart (SUA),LXJ459,1:59,3:00 PM,3:41 PM,5:45 PM,Landed 5:40 PM
regeneron,N459FX,16 Jul 2025,Teterboro (TEB),Wildwood (WWD),LXJ459,0:32,11:28 AM,12:34 PM,1:05 PM,Landed 1:06 PM
regeneron,N459FX,15 Jul 2025,West Palm Beach (PBI),Teterboro (TEB),LXJ459,2:21,2:00 PM,3:05 PM,5:31 PM,Landed 5:26 PM
regeneron,N459FX,15 Jul 2025,Boca Raton (BCT),West Palm Beach (PBI),LXJ459,0:13,12:41 PM,1:16 PM,1:42 PM,Landed 1:29 PM
regeneron,N459FX,15 Jul 2025,Buffalo (BUF),Boca Raton (BCT),LXJ459,2:45,9:00 AM,9:03 AM,11:51 AM,Landed 11:48 AM
regeneron,N459FX,15 Jul 2025,Teterboro (TEB),Buffalo (BUF),LXJ459,0:49,6:33 AM,7:17 AM,8:16 AM,Landed 8:06 AM
regeneron,N459FX,14 Jul 2025,Paris (LBG),Teterboro (TEB),LXJ459,7:42,4:30 PM,4:35 PM,6:15 PM,Landed 6:16 PM
regeneron,N459FX,13 Jul 2025,Palma de Mallorca (PMI),Paris (LBG),LXJ459,1:43,2:35 PM,2:54 PM,4:15 PM,Landed 4:37 PM
regeneron,N459FX,12 Jul 2025,Teterboro (TEB),Palma de Mallorca (PMI),LXJ459,7:07,9:00 AM,8:52 AM,10:49 PM,Landed 9:59 PM
regeneron,N459FX,11 Jul 2025,Hailey (SUN),Teterboro (TEB),LXJ459,3:50,12:30 PM,1:22 PM,7:12 PM,Landed 7:12 PM
regeneron,N459FX,11 Jul 2025,Santa Rosa (STS),Hailey (SUN),LXJ459,1:16,8:35 AM,9:02 AM,11:15 AM,Landed 11:17 AM
regeneron,N459FX,10 Jul 2025,New York (LGA),Santa Rosa (STS),LXJ459,5:47,12:30 PM,1:22 PM,4:08 PM,Landed 4:09 PM
regeneron,N459FX,09 Jul 2025,Westhampton Beach (FOK),New York (LGA),LXJ459,0:20,1:33 PM,2:26 PM,2:48 PM,Landed 2:46 PM
regeneron,N459FX,09 Jul 2025,Oslo (OSL),Westhampton Beach (FOK),LXJ459,7:33,10:00 AM,10:24 AM,12:03 PM,Landed 11:57 AM
regeneron,N459FX,08 Jul 2025,Paris (LBG),Oslo (OSL),LXJ459,1:54,1:00 PM,1:10 PM,2:58 PM,Landed 3:05 PM
regeneron,N459FX,06 Jul 2025,Albany (ALB),Paris (LBG),LXJ459,6:44,7:00 AM,7:19 AM,7:44 PM,Landed 8:03 PM
regeneron,N459FX,05 Jul 2025,Orlando (SFB),Albany (ALB),LXJ459,2:24,11:30 AM,12:13 PM,2:44 PM,Landed 2:37 PM
regeneron,N459FX,02 Jul 2025,Orlando (SFB),Orlando (SFB),LXJ459,1:42,6:15 PM,7:42 PM,7:31 PM,Landed 9:24 PM
regeneron,N459FX,29 Apr 2025,West Palm Beach (PBI),Orlando (SFB),LXJ459,0:40,9:41 PM,9:23 PM,10:00 PM,Landed 10:03 PM
regeneron,N459FX,29 Apr 2025,South Lake Tahoe (TVL),West Palm Beach (PBI),LXJ459,4:36,12:30 PM,1:14 PM,8:49 PM,Landed 8:50 PM
regeneron,N459FX,29 Apr 2025,Seattle (BFI),South Lake Tahoe (TVL),LXJ459,1:23,9:32 AM,10:16 AM,11:44 AM,Landed 11:39 AM
regeneron,N459FX,28 Apr 2025,Las Vegas (LAS),Seattle (BFI),LXJ459,2:06,11:30 AM,12:38 PM,2:49 PM,Landed 2:44 PM
regeneron,N459FX,26 Apr 2025,Reno (RNO),Las Vegas (LAS),LXJ459,0:59,10:00 AM,10:13 AM,11:16 AM,Landed 11:12 AM
regeneron,N459FX,25 Apr 2025,Van Nuys (VNY),Reno (RNO),LXJ459,0:52,6:42 PM,7:07 PM,8:08 PM,Landed 7:59 PM
regeneron,N459FX,25 Apr 2025,Teterboro (TEB),Van Nuys (VNY),LXJ459,5:30,3:00 PM,3:55 PM,6:24 PM,Landed 6:25 PM
regeneron,N459FX,24 Apr 2025,Stuart (SUA),Teterboro (TEB),LXJ459,2:20,5:40 PM,5:58 PM,8:20 PM,Landed 8:18 PM
regeneron,N459FX,24 Apr 2025,Charlottesville (CHO),Stuart (SUA),LXJ459,1:43,2:51 PM,3:48 PM,5:39 PM,Landed 5:31 PM
regeneron,N459FX,24 Apr 2025,Denver (APA),Charlottesville (CHO),LXJ459,2:46,9:00 AM,9:55 AM,2:58 PM,Landed 2:40 PM
regeneron,N459FX,24 Apr 2025,Scottsdale (SCF),Denver (APA),LXJ459,1:12,5:36 AM,6:06 AM,8:24 AM,Landed 8:18 AM
regeneron,N459FX,21 Apr 2025,Lakeland (LAL),Scottsdale (SCF),LXJ459,4:20,11:30 AM,12:20 PM,1:45 PM,Landed 1:40 PM
regeneron,N459FX,20 Apr 2025,Atlanta (PDK),Lakeland (LAL),LXJ459,1:04,4:00 PM,4:28 PM,5:29 PM,Landed 5:32 PM
regeneron,N459FX,20 Apr 2025,White Plains (HPN),Atlanta (PDK),LXJ459,1:49,1:05 PM,1:57 PM,3:56 PM,Landed 3:45 PM
regeneron,N459FX,20 Apr 2025,Miami (MIA),White Plains (HPN),LXJ459,2:35,9:30 AM,9:51 AM,12:34 PM,Landed 12:26 PM
regeneron,N459FX,20 Apr 2025,Fort Myers (FMY),Miami (MIA),LXJ459,0:25,7:56 AM,8:24 AM,8:51 AM,Landed 8:49 AM
regeneron,N459FX,19 Apr 2025,Bedford (BED),Fort Myers (FMY),LXJ459,2:55,11:30 AM,12:57 PM,3:54 PM,Landed 3:52 PM
regeneron,N459FX,18 Apr 2025,San Juan (SJU),Bedford (BED),LXJ459,3:50,9:00 AM,9:38 AM,1:26 PM,Landed 1:28 PM
regeneron,N459FX,18 Apr 2025,Sint Maarten (SXM),San Juan (SJU),LXJ459,0:35,7:13 AM,7:17 AM,7:59 AM,Landed 7:52 AM
regeneron,N459FX,17 Apr 2025,Barbuda (BBQ),Sint Maarten (SXM),LXJ459,0:25,6:21 PM,5:56 PM,6:21 PM,Landed 6:21 PM
regeneron,N459FX,17 Apr 2025,Miami (TMB),Barbuda (BBQ),LXJ459,2:39,5:15 PM,2:31 PM,5:10 PM,Landed 5:10 PM
regeneron,N459FX,17 Apr 2025,Nassau (NAS),Miami (TMB),LXJ459,0:42,12:14 PM,12:24 PM,12:58 PM,Landed 1:07 PM
regeneron,N459FX,17 Apr 2025,Bedford (BED),Nassau (NAS),LXJ459,3:06,8:00 AM,8:06 AM,10:52 AM,Landed 11:12 AM
regeneron,N459FX,16 Apr 2025,Teterboro (TEB),Bedford (BED),LXJ459,0:41,5:00 PM,5:43 PM,6:23 PM,Landed 6:25 PM
regeneron,N459FX,15 Apr 2025,Morristown (MMU),Teterboro (TEB),LXJ459,0:16,10:22 PM,11:25 PM,11:45 PM,Landed 11:41 PM
regeneron,N459FX,15 Apr 2025,Cincinnati (LUK),Morristown (MMU),LXJ459,1:20,8:00 PM,9:38 PM,10:59 PM,Landed 10:58 PM
regeneron,N459FX,15 Apr 2025,Teterboro (TEB),Cincinnati (LUK),LXJ459,1:27,2:39 PM,3:30 PM,5:05 PM,Landed 4:57 PM
regeneron,N459FX,13 Apr 2025,Shannon (SNN),Teterboro (TEB),LXJ459,7:00,7:09 PM,7:34 PM,9:23 PM,Landed 9:34 PM
regeneron,N459FX,13 Apr 2025,Naples (NAP),Shannon (SNN),LXJ459,2:55,4:00 PM,4:49 PM,6:04 PM,Landed 6:44 PM
regeneron,N459FX,13 Apr 2025,Olbia (OLB),Naples (NAP),LXJ459,0:41,2:12 PM,2:16 PM,3:02 PM,Landed 2:57 PM
regeneron,N459FX,12 Apr 2025,Malaga (AGP),Olbia (OLB),LXJ459,1:37,12:50 PM,1:10 PM,2:45 PM,Landed 2:46 PM
regeneron,N459FX,10 Apr 2025,White Plains (HPN),Malaga (AGP),LXJ459,6:33,8:00 PM,8:15 PM,9:44 AM,Landed 8:48 AM
regeneron,N459FX,10 Apr 2025,Austin (AUS),White Plains (HPN),LXJ459,3:15,12:30 PM,1:14 PM,5:45 PM,Landed 5:29 PM
regeneron,N459FX,10 Apr 2025,Dallas (DAL),Austin (AUS),LXJ459,0:34,10:14 AM,11:02 AM,11:43 AM,Landed 11:36 AM
regeneron,N459FX,08 Apr 2025,Houston (SGR),Dallas (DAL),LXJ459,0:47,2:30 PM,3:06 PM,4:00 PM,Landed 3:53 PM
regeneron,N459FX,08 Apr 2025,San Antonio (SAT),Houston (SGR),LXJ459,0:32,12:49 AM,12:12 AM,11:44 PM,Landed 11:44 PM
regeneron,N459FX,07 Apr 2025,Houston (SGR),San Antonio (SAT),LXJ459,0:35,9:31 PM,8:51 PM,10:14 PM,Landed 9:25 PM
regeneron,N459FX,07 Apr 2025,San Antonio (SAT),Houston (SGR),LXJ459,0:29,11:15 PM,7:53 PM,12:15 AM,Landed 8:22 PM
regeneron,N459FX,07 Apr 2025,Houston (SGR),San Antonio (SAT),LXJ459,0:43,3:00 PM,3:45 PM,4:27 PM,Landed 4:28 PM
regeneron,N459FX,07 Apr 2025,Dallas (DAL),Houston (SGR),LXJ459,0:55,1:45 PM,1:35 PM,2:30 PM,Landed 2:30 PM
regeneron,N459FX,05 Apr 2025,Camarillo (QTC),Dallas (DAL),LXJ459,2:38,7:20 PM,7:37 PM,12:03 AM,Landed 12:15 AM
regeneron,N459FX,05 Apr 2025,Dallas (DAL),Camarillo (QTC),LXJ459,2:48,2:55 PM,3:22 PM,3:52 PM,Landed 4:10 PM
regeneron,N459FX,04 Apr 2025,Atlanta (PDK),Dallas (DAL),LXJ459,2:41,4:07 PM,5:05 PM,6:45 PM,Landed 6:46 PM
regeneron,N459FX,04 Apr 2025,Dallas (DAL),Atlanta (PDK),LXJ459,1:30,12:40 PM,2:03 PM,4:32 PM,Landed 4:33 PM
regeneron,N459FX,03 Apr 2025,Houston (HOU),Dallas (DAL),LXJ459,0:39,8:17 PM,8:03 PM,9:18 PM,Landed 8:42 PM
regeneron,N459FX,03 Apr 2025,Bedford (BED),Houston (HOU),LXJ459,3:51,5:00 PM,4:44 PM,7:35 PM,Landed 7:35 PM
regeneron,N459FX,03 Apr 2025,Cleveland (CGF),Bedford (BED),LXJ459,1:20,1:42 PM,2:12 PM,3:32 PM,Landed 3:32 PM
regeneron,N459FX,01 Apr 2025,Knoxville (TYS),Cleveland (CGF),LXJ459,1:00,11:00 AM,11:28 AM,12:30 PM,Landed 12:28 PM
regeneron,N459FX,01 Apr 2025,West Palm Beach (PBI),Knoxville (TYS),LXJ459,1:33,5:43 AM,6:22 AM,8:03 AM,Landed 7:54 AM
regeneron,N459FX,01 Apr 2025,Miami (MIA),West Palm Beach (PBI),LXJ459,0:17,10:00 AM,5:18 AM,10:45 AM,Landed 5:35 AM
regeneron,N459FX,31 Mar 2025,Nassau (NAS),Miami (MIA),LXJ459,0:36,2:00 PM,1:43 PM,2:44 PM,Landed 2:19 PM
regeneron,N459FX,31 Mar 2025,Savannah (SAV),Nassau (NAS),LXJ459,1:15,9:30 AM,10:47 AM,10:52 AM,Landed 12:01 PM
regeneron,N459FX,30 Mar 2025,Teterboro (TEB),Savannah (SAV),LXJ459,1:44,3:29 PM,4:46 PM,6:32 PM,Landed 6:30 PM
regeneron,N459FX,30 Mar 2025,Providenciales (PLS),Teterboro (TEB),LXJ459,3:20,12:00 PM,11:55 AM,3:11 PM,Landed 3:14 PM
regeneron,N459FX,29 Mar 2025,North Eleuthera (ELH),Providenciales (PLS),LXJ459,1:08,12:41 PM,3:24 PM,1:03 PM,Landed 4:32 PM
regeneron,N459FX,29 Mar 2025,Atlanta (PDK),North Eleuthera (ELH),LXJ459,1:35,10:00 AM,10:14 AM,11:44 AM,Landed 11:49 AM
regeneron,N459FX,28 Mar 2025,Teterboro (TEB),Atlanta (PDK),LXJ459,1:46,4:51 PM,5:47 PM,7:44 PM,Landed 7:33 PM
regeneron,N459FX,28 Mar 2025,George Town (GCM),Teterboro (TEB),LXJ459,3:24,3:58 PM,12:29 PM,4:13 PM,Landed 4:53 PM
regeneron,N459FX,28 Mar 2025,West Palm Beach (PBI),George Town (GCM),LXJ459,1:21,10:56 AM,10:55 AM,11:29 AM,Landed 11:16 AM
regeneron,N459FX,27 Mar 2025,Teterboro (TEB),West Palm Beach (PBI),LXJ459,2:34,9:31 AM,11:44 AM,2:11 PM,Landed 2:18 PM
regeneron,N459FX,25 Mar 2025,Nassau (NAS),Teterboro (TEB),LXJ459,2:25,12:30 PM,12:50 PM,3:04 PM,Landed 3:15 PM
regeneron,N459FX,24 Mar 2025,Tampa (TPA),Nassau (NAS),LXJ459,0:59,1:11 PM,1:00 PM,2:15 PM,Landed 1:59 PM
regeneron,N459FX,24 Mar 2025,St. Augustine (UST),Tampa (TPA),LXJ459,0:35,11:00 AM,11:09 AM,11:42 AM,Landed 11:44 AM
regeneron,N459FX,23 Mar 2025,Tampa (TPA),St. Augustine (UST),LXJ459,0:31,5:30 PM,7:56 AM,8:30 AM,Landed 8:28 AM
regeneron,N459FX,23 Mar 2025,Sarasota (SRQ),Tampa (TPA),LXJ459,0:21,4:13 PM,5:31 PM,5:52 PM,Landed 5:52 PM
regeneron,N459FX,23 Mar 2025,Salt Lake City (SLC),Sarasota (SRQ),LXJ459,3:43,9:30 AM,10:15 AM,4:14 PM,Landed 3:58 PM
regeneron,N459FX,22 Mar 2025,Eagle (EGE),Salt Lake City (SLC),LXJ459,0:54,12:38 PM,1:44 PM,2:37 PM,Landed 2:38 PM
regeneron,N459FX,22 Mar 2025,West Palm Beach (PBI),Eagle (EGE),LXJ459,4:16,9:30 AM,10:11 AM,12:43 PM,Landed 12:26 PM
regeneron,N459FX,21 Mar 2025,Miami (TMB),West Palm Beach (PBI),LXJ459,0:31,5:44 PM,6:35 PM,6:57 PM,Landed 7:06 PM
regeneron,N459FX,21 Mar 2025,St. Petersburg (PIE),Miami (TMB),LXJ459,0:37,4:00 PM,4:18 PM,5:04 PM,Landed 4:55 PM
regeneron,N459FX,21 Mar 2025,Bozeman (BZN),St. Petersburg (PIE),LXJ459,3:41,9:30 AM,10:02 AM,4:04 PM,Landed 3:43 PM
regeneron,N459FX,20 Mar 2025,Hailey (SUN),Bozeman (BZN),LXJ459,0:41,4:57 PM,5:59 PM,6:40 PM,Landed 6:40 PM
regeneron,N459FX,20 Mar 2025,Mountain View (NUQ),Hailey (SUN),LXJ459,1:27,2:00 PM,2:21 PM,4:56 PM,Landed 4:48 PM
regeneron,N459FX,20 Mar 2025,Hayden (HDN),Mountain View (NUQ),LXJ459,1:54,11:26 AM,11:55 AM,12:58 PM,Landed 12:50 PM
regeneron,N459FX,20 Mar 2025,McKinney (QQT),Hayden (HDN),LXJ459,2:02,9:30 AM,9:53 AM,10:25 AM,Landed 10:56 AM
regeneron,N459FX,20 Mar 2025,Dallas (DAL),McKinney (QQT),LXJ459,0:11,7:39 AM,8:42 AM,7:55 AM,Landed 8:53 AM
regeneron,N459FX,19 Mar 2025,Houston (IAH),McKinney (QQT),LXJ459,-,3:00 PM,2:57 PM,3:50 PM,Diverted to DAL
regeneron,N459FX,19 Mar 2025,Miami (MIA),Houston (IAH),LXJ459,2:25,8:08 AM,9:28 AM,10:56 AM,Landed 10:53 AM
regeneron,N459FX,17 Mar 2025,Providenciales (PLS),Miami (MIA),LXJ459,1:38,1:23 PM,1:42 PM,2:56 PM,Landed 3:20 PM
regeneron,N459FX,17 Mar 2025,White Plains (HPN),Providenciales (PLS),LXJ459,3:19,9:00 AM,9:35 AM,12:03 PM,Landed 12:54 PM
regeneron,N459FX,16 Mar 2025,Washington (IAD),White Plains (HPN),LXJ459,0:58,5:30 PM,6:11 PM,7:09 PM,Landed 7:09 PM
regeneron,N459FX,16 Mar 2025,Bridgetown (BGI),Washington (IAD),LXJ459,4:52,4:59 PM,12:07 PM,4:52 PM,Landed 4:59 PM
regeneron,N459FX,16 Mar 2025,Kingstown (SVD),Bridgetown (BGI),LXJ459,0:22,10:14 AM,9:53 AM,10:14 AM,Landed 10:14 AM
regeneron,N459FX,15 Mar 2025,Miami (MIA),Kingstown (SVD),LXJ459,2:55,9:15 AM,10:56 AM,12:18 PM,Landed 1:51 PM
regeneron,N459FX,14 Mar 2025,North Eleuthera (ELH),Miami (MIA),LXJ459,0:48,5:34 PM,5:47 PM,6:27 PM,Landed 6:35 PM
regeneron,N459FX,14 Mar 2025,Boca Raton (BCT),North Eleuthera (ELH),LXJ459,0:37,3:30 PM,4:06 PM,4:17 PM,Landed 4:44 PM
regeneron,N459FX,14 Mar 2025,Scottsdale (SCF),Boca Raton (BCT),LXJ459,3:27,7:30 AM,8:28 AM,2:53 PM,Landed 2:55 PM
regeneron,N459FX,13 Mar 2025,Orlando (SFB),Scottsdale (SCF),LXJ459,4:47,4:30 PM,5:23 PM,7:14 PM,Landed 7:10 PM
regeneron,N459FX,13 Mar 2025,Marathon (MTH),Orlando (SFB),LXJ459,0:53,2:10 PM,2:53 PM,3:47 PM,Landed 3:46 PM
regeneron,N459FX,13 Mar 2025,Chicago (MDW),Marathon (MTH),LXJ459,2:27,9:30 AM,10:11 AM,1:04 PM,Landed 1:39 PM
regeneron,N459FX,11 Mar 2025,Teterboro (TEB),Chicago (MDW),LXJ459,1:48,9:00 PM,9:56 PM,10:45 PM,Landed 10:45 PM
regeneron,N459FX,11 Mar 2025,Chicago (MDW),Teterboro (TEB),LXJ459,1:25,5:11 PM,5:54 PM,8:26 PM,Landed 8:20 PM
regeneron,N459FX,11 Mar 2025,Fort Lauderdale (FLL),Chicago (MDW),LXJ459,2:51,2:30 PM,3:07 PM,5:02 PM,Landed 4:57 PM
regeneron,N459FX,11 Mar 2025,Nassau (NAS),Fort Lauderdale (FLL),LXJ459,0:37,2:00 PM,1:10 PM,2:47 PM,Landed 1:47 PM
regeneron,N459FX,10 Mar 2025,White Plains (HPN),Nassau (NAS),LXJ459,2:43,6:00 PM,6:14 PM,8:37 PM,Landed 8:57 PM
regeneron,N459FX,07 Mar 2025,Stockholm (VST),White Plains (HPN),LXJ459,8:11,12:00 PM,12:14 PM,2:26 PM,Landed 2:25 PM
regeneron,N459FX,06 Mar 2025,Farnborough (FAB),Stockholm (VST),LXJ459,1:52,1:00 PM,1:14 PM,4:04 PM,Landed 4:06 PM
regeneron,N459FX,05 Mar 2025,Weeze (NRN),Farnborough (FAB),LXJ459,0:59,4:30 PM,4:28 PM,4:29 PM,Landed 4:28 PM
regeneron,N459FX,05 Mar 2025,Paris (LBG),Weeze (NRN),LXJ459,0:51,2:09 PM,2:14 PM,2:59 PM,Landed 3:05 PM
regeneron,N459FX,03 Mar 2025,St. Paul (STP),Paris (LBG),LXJ459,7:35,11:54 PM,10:56 PM,2:40 PM,Landed 1:31 PM
regeneron,N459FX,03 Mar 2025,Rifle (RIL),St. Paul (STP),LXJ459,1:51,7:00 PM,7:04 PM,9:53 PM,Landed 9:55 PM
regeneron,N459FX,03 Mar 2025,Denver (DEN),Rifle (RIL),LXJ459,0:28,4:47 PM,5:28 PM,5:55 PM,Landed 5:56 PM
regeneron,N459FX,03 Mar 2025,San Francisco (SFO),Denver (DEN),LXJ459,2:02,11:00 AM,11:39 AM,2:51 PM,Landed 2:41 PM
regeneron,N459FX,01 Mar 2025,Tucson (AVW),San Francisco (SFO),LXJ459,1:43,10:30 PM,12:25 AM,1:28 AM,Landed 1:08 AM
regeneron,N459FX,01 Mar 2025,Tucson (AVW),San Francisco (SFO),LXJ459,1:54,10:30 PM,10:40 PM,11:34 PM,Landed 11:34 PM
regeneron,N459FX,01 Mar 2025,Reno (RNO),Tucson (AVW),LXJ459,1:24,6:26 PM,6:35 PM,8:59 PM,Landed 8:59 PM
regeneron,N459FX,28 Feb 2025,Minneapolis (MSP),Reno (RNO),LXJ459,2:52,11:30 AM,12:16 PM,1:05 PM,Landed 1:07 PM
regeneron,N459FX,28 Feb 2025,Baltimore (BWI),Minneapolis (MSP),LXJ459,2:23,9:09 AM,9:47 AM,11:14 AM,Landed 11:10 AM
regeneron,N459FX,27 Feb 2025,Vero Beach (VRB),Baltimore (BWI),LXJ459,1:40,10:00 AM,10:30 AM,12:10 PM,Landed 12:10 PM
regeneron,N459FX,27 Feb 2025,Orlando (SFB),Vero Beach (VRB),LXJ459,0:22,8:35 AM,9:10 AM,9:40 AM,Landed 9:32 AM
regeneron,N459FX,25 Feb 2025,Sarasota (SRQ),Orlando (SFB),LXJ459,0:34,9:56 PM,9:16 PM,9:49 PM,Landed 9:50 PM
regeneron,N459FX,25 Feb 2025,Chicago (ORD),Sarasota (SRQ),LXJ459,2:08,5:30 PM,5:33 PM,9:13 PM,Landed 8:41 PM
regeneron,N459FX,25 Feb 2025,Denver (APA),Chicago (ORD),LXJ459,1:52,9:30 AM,1:22 PM,4:09 PM,Landed 4:14 PM
regeneron,N459FX,22 Feb 2025,Aspen (ASE),Denver (APA),LXJ459,0:26,5:00 PM,5:25 PM,5:58 PM,Landed 5:51 PM
regeneron,N459FX,22 Feb 2025,Las Vegas (LAS),Aspen (ASE),LXJ459,1:21,1:30 PM,1:56 PM,4:32 PM,Landed 4:17 PM
regeneron,N459FX,22 Feb 2025,Kansas City (MKC),Las Vegas (LAS),LXJ459,2:26,9:00 AM,10:33 AM,11:03 AM,Landed 10:59 AM
regeneron,N459FX,21 Feb 2025,Fort Worth (AFW),Kansas City (MKC),LXJ459,1:08,3:42 PM,5:20 PM,6:27 PM,Landed 6:28 PM
regeneron,N459FX,21 Feb 2025,Scottsdale (SCF),Fort Worth (AFW),LXJ459,1:45,11:45 AM,2:05 PM,4:47 PM,Landed 4:49 PM
regeneron,N459FX,21 Feb 2025,Eagle (EGE),Scottsdale (SCF),LXJ459,1:12,9:30 AM,11:23 AM,12:44 PM,Landed 12:35 PM
regeneron,N459FX,21 Feb 2025,Denver (APA),Eagle (EGE),LXJ459,0:24,7:49 AM,9:19 AM,9:43 AM,Landed 9:43 AM
regeneron,N459FX,20 Feb 2025,Rifle (RIL),Denver (APA),LXJ459,0:52,4:34 PM,5:52 PM,6:43 PM,Landed 6:44 PM
regeneron,N459FX,20 Feb 2025,Philadelphia (TTN),Rifle (RIL),LXJ459,4:04,1:30 PM,2:49 PM,5:03 PM,Landed 4:54 PM
regeneron,N459FX,19 Feb 2025,White Plains (HPN),Philadelphia (TTN),LXJ459,0:23,4:00 PM,5:07 PM,5:30 PM,Landed 5:30 PM
regeneron,N459FX,18 Feb 2025,Bangor (BGR),White Plains (HPN),LXJ459,1:07,11:52 AM,11:22 AM,1:17 PM,Landed 12:29 PM
regeneron,N459FX,18 Feb 2025,Marrakesh (RAK),Bangor (BGR),LXJ459,7:36,9:12 AM,9:11 AM,10:46 AM,Landed 10:48 AM
regeneron,N459FX,13 Feb 2025,White Plains (HPN),Morristown (MMU),LXJ459,-,9:00 PM,9:42 PM,3:19 AM,Diverted to RAK
regeneron,N459FX,13 Feb 2025,Boca Raton (BCT),White Plains (HPN),LXJ459,2:20,3:29 PM,5:03 PM,7:19 PM,Landed 7:24 PM
regeneron,N459FX,13 Feb 2025,Morristown (MMU),Boca Raton (BCT),LXJ459,2:40,12:00 PM,12:52 PM,3:34 PM,Landed 3:32 PM
regeneron,N459FX,13 Feb 2025,White Plains (HPN),Marrakesh (RAK),LXJ459,-,10:32 AM,11:50 AM,6:06 PM,Diverted to MMU
regeneron,N459FX,11 Feb 2025,Morristown (MMU),White Plains (HPN),LXJ459,0:17,7:26 PM,7:25 PM,7:41 PM,Landed 7:42 PM
regeneron,N459FX,11 Feb 2025,Miami (MIA),Morristown (MMU),LXJ459,2:20,4:00 PM,4:39 PM,7:04 PM,Landed 6:59 PM
regeneron,N459FX,10 Feb 2025,Chicago (PWK),Miami (MIA),LXJ459,2:31,10:45 AM,11:01 AM,2:47 PM,Landed 2:32 PM
regeneron,N459FX,10 Feb 2025,St. Louis (STL),Houma (HUM),LXJ459,-,6:57 AM,7:04 AM,8:22 AM,Diverted to PWK
regeneron,N459FX,09 Feb 2025,Boca Raton (BCT),St. Louis (STL),LXJ459,2:19,5:00 PM,5:03 PM,6:36 PM,Landed 6:22 PM
regeneron,N459FX,09 Feb 2025,Miami (MIA),Boca Raton (BCT),LXJ459,0:16,3:06 PM,3:19 PM,3:33 PM,Landed 3:35 PM
regeneron,N459FX,08 Feb 2025,Guatemala City (GUA),Miami (MIA),LXJ459,2:07,3:00 PM,3:05 PM,6:18 PM,Landed 6:12 PM
regeneron,N459FX,08 Feb 2025,Naples (APF),Guatemala City (GUA),LXJ459,2:11,12:15 PM,12:10 PM,1:32 PM,Landed 1:22 PM
regeneron,N459FX,07 Feb 2025,Cleveland (CGF),Naples (APF),LXJ459,2:15,4:30 PM,4:45 PM,7:06 PM,Landed 7:00 PM
regeneron,N459FX,07 Feb 2025,Albany (ABY),Cleveland (CGF),LXJ459,1:36,1:50 PM,12:54 PM,3:56 PM,Landed 2:31 PM
regeneron,N459FX,07 Feb 2025,Stuart (SUA),Albany (ABY),LXJ459,1:03,10:00 AM,10:11 AM,11:19 AM,Landed 11:13 AM
regeneron,N459FX,07 Feb 2025,Boca Raton (BCT),Stuart (SUA),LXJ459,0:16,8:10 AM,8:28 AM,8:43 AM,Landed 8:44 AM
regeneron,N459FX,06 Feb 2025,Morristown (MMU),Boca Raton (BCT),LXJ459,2:19,2:30 PM,3:19 PM,5:45 PM,Landed 5:38 PM
regeneron,N459FX,06 Feb 2025,Washington (IAD),Morristown (MMU),LXJ459,0:53,12:13 PM,1:10 PM,2:04 PM,Landed 2:03 PM
regeneron,N459FX,05 Feb 2025,Miami (MIA),Washington (IAD),LXJ459,2:04,9:30 AM,10:06 AM,12:16 PM,Landed 12:10 PM
regeneron,N459FX,04 Feb 2025,Providenciales (PLS),Miami (MIA),LXJ459,1:33,5:03 PM,4:57 PM,6:35 PM,Landed 6:30 PM
regeneron,N459FX,04 Feb 2025,Kansas City (MKC),Providenciales (PLS),LXJ459,3:27,11:30 AM,11:50 AM,4:06 PM,Landed 4:17 PM
regeneron,N459FX,04 Feb 2025,White Plains (HPN),Kansas City (MKC),LXJ459,2:53,7:47 AM,8:13 AM,10:06 AM,Landed 10:06 AM
regeneron,N459FX,02 Feb 2025,Orlando (SFB),White Plains (HPN),LXJ459,2:08,5:30 PM,6:13 PM,8:21 PM,Landed 8:21 PM
regeneron,N459FX,02 Feb 2025,Orlando (SFB),Orlando (SFB),LXJ459,0:11,3:30 PM,4:26 PM,4:00 PM,Landed 4:38 PM
eli-lilly,,31 Jan 2026,,Bedford (BED),,0:26,10:45 AM,,11:21 AM,Landed 10:48 AM
eli-lilly,,31 Jan 2026,,North Kingstown (NCO),,0:35,9:00 AM,,9:35 AM,Landed 10:13 AM
eli-lilly,,23 Jan 2026,,Bedford (BED),,0:22,9:43 AM,,10:05 AM,Landed 10:05 AM
eli-lilly,,19 Jan 2026,,Bedford (BED),,0:44,4:37 PM,,5:20 PM,Landed 5:04 PM
eli-lilly,,19 Jan 2026,,Martha's Vineyard (MVY),,0:59,3:21 PM,,4:31 PM,Landed 4:11 PM
eli-lilly,,19 Jan 2026,,Farmingdale (FRG),,0:31,2:30 PM,,3:06 PM,Landed 3:04 PM
eli-lilly,,19 Jan 2026,,Toms River (MJX),,1:38,10:01 AM,,11:39 AM,Landed 11:39 AM
eli-lilly,,18 Jan 2026,,New York (JFK),,-,3:00 PM,,4:30 PM,Estimated departure 3:10 PM
eli-lilly,,18 Jan 2026,,Pittsfield (PSF),,-,2:00 PM,,3:06 PM,"JFK ""> Diverted to JFK"
eli-lilly,,18 Jan 2026,,Burlington (BTV),,-,10:24 AM,,11:14 AM,Unknown
eli-lilly,,18 Jan 2026,,Laconia (LCI),,-,9:30 AM,,10:06 AM,"BTV ""> Diverted to BTV"
eli-lilly,,17 Jan 2026,,New Bedford (EWB),,-,1:30 PM,,2:04 PM,"BED ""> Diverted to BED"
eli-lilly,,12 Jan 2026,,Not available,,-,11:57 AM,,—,Unknown
eli-lilly,,12 Jan 2026,,Bedford (BED),,1:41,10:11 AM,,11:52 AM,Landed 11:52 AM
eli-lilly,,10 Jan 2026,,Bedford (BED),,1:35,3:51 PM,,12:25 PM,Landed 12:25 PM
eli-lilly,,10 Jan 2026,,Not available,,-,8:48 AM,,—,Unknown
eli-lilly,,09 Jan 2026,,Bedford (BED),,1:01,10:00 AM,,11:58 AM,Landed 11:52 AM
eli-lilly,,09 Jan 2026,,Augusta (AUG),,0:52,9:00 AM,,10:20 AM,Landed 10:39 AM
eli-lilly,,28 Dec 2025,,Bedford (BED),,0:13,10:42 AM,,10:37 AM,Landed 10:37 AM
eli-lilly,,28 Dec 2025,,Bedford (BED),,0:24,10:19 AM,,10:19 AM,Landed 10:19 AM
eli-lilly,,26 Dec 2025,,Bedford (BED),,1:04,9:10 AM,,9:10 AM,Landed 9:10 AM
eli-lilly,,20 Dec 2025,,Bedford (BED),,0:20,11:54 AM,,12:31 PM,Landed 11:46 AM
eli-lilly,,18 Dec 2025,,Bedford (BED),,0:16,9:15 PM,,4:15 PM,Landed 4:15 PM
eli-lilly,,18 Dec 2025,,Not available,,0:52,2:57 PM,,—,Landed 7:57 PM
eli-lilly,,15 Dec 2025,,Bedford (BED),,1:11,1:19 PM,,1:19 PM,Landed 1:19 PM
eli-lilly,,12 Dec 2025,,Bedford (BED),,1:19,3:43 PM,,3:43 PM,Landed 3:43 PM
eli-lilly,,09 Dec 2025,,Bedford (BED),,0:19,6:03 PM,,6:02 PM,Landed 6:02 PM
eli-lilly,,09 Dec 2025,,Plymouth (PYM),,1:46,12:13 PM,,12:08 PM,Landed 12:08 PM
eli-lilly,,08 Dec 2025,,Plymouth (PYM),,-,10:45 AM,,—,Unknown
eli-lilly,,24 Nov 2025,,Plymouth (PYM),,1:17,10:43 AM,,10:41 AM,Landed 10:41 AM
eli-lilly,,20 Nov 2025,,Plymouth (PYM),,0:20,10:50 AM,,10:49 AM,Landed 10:49 AM
eli-lilly,,20 Nov 2025,,Hyannis (HYA),,0:03,10:28 AM,,10:23 AM,Landed 10:23 AM
eli-lilly,,20 Nov 2025,,Not available,,-,10:12 AM,,—,Unknown
eli-lilly,,20 Nov 2025,,Hyannis (HYA),,0:14,10:12 AM,,10:06 AM,Landed 10:06 AM
eli-lilly,,19 Nov 2025,,Plymouth (PYM),,0:11,11:00 AM,,10:56 AM,Landed 10:56 AM
eli-lilly,,19 Nov 2025,,Plymouth (PYM),,0:55,10:39 AM,,10:38 AM,Landed 10:38 AM
eli-lilly,,18 Nov 2025,,Plymouth (PYM),,-,11:24 AM,,—,Unknown
eli-lilly,,18 Nov 2025,,Bedford (BED),,0:24,9:35 AM,,9:34 AM,Landed 9:34 AM
eli-lilly,,15 Nov 2025,,Plymouth (PYM),,-,10:47 AM,,—,Unknown
eli-lilly,,14 Nov 2025,,Plymouth (PYM),,1:24,4:10 PM,,5:57 PM,Landed 5:52 PM
eli-lilly,,14 Nov 2025,,Allentown (ABE),,1:49,1:40 PM,,3:17 PM,Landed 4:18 PM
eli-lilly,,13 Nov 2025,,Plymouth (PYM),,1:22,12:49 PM,,12:44 PM,Landed 12:44 PM
eli-lilly,,13 Nov 2025,,Bedford (BED),,0:27,11:03 AM,,11:03 AM,Landed 11:03 AM
eli-lilly,,12 Nov 2025,,Plymouth (PYM),,1:11,12:05 PM,,12:04 PM,Landed 12:04 PM
eli-lilly,,11 Nov 2025,,Plymouth (PYM),,2:17,11:32 AM,,11:31 AM,Landed 11:31 AM
eli-lilly,,07 Nov 2025,,Plymouth (PYM),,1:20,12:17 PM,,12:13 PM,Landed 12:13 PM
eli-lilly,,06 Nov 2025,,Plymouth (PYM),,2:21,9:45 AM,,10:48 AM,Landed 12:39 PM
eli-lilly,,05 Nov 2025,,Plymouth (PYM),,1:56,12:21 PM,,12:17 PM,Landed 12:17 PM
eli-lilly,,05 Nov 2025,,Plymouth (PYM),,0:18,7:12 AM,,7:38 AM,Landed 7:38 AM
eli-lilly,,26 Oct 2025,,Not available,,0:50,11:06 AM,,—,Landed 3:06 PM
eli-lilly,,22 Oct 2025,,Bedford (BED),,0:52,10:03 PM,,9:03 PM,Landed 9:03 PM
eli-lilly,,22 Oct 2025,,Poughkeepsie (POU),,0:57,9:01 PM,,8:00 PM,Landed 8:00 PM
eli-lilly,,19 Oct 2025,,Bedford (BED),,0:18,10:40 AM,,9:40 AM,Landed 9:40 AM
eli-lilly,,19 Oct 2025,,Worcester (ORH),,0:06,10:21 AM,,9:17 AM,Landed 9:17 AM
eli-lilly,,19 Oct 2025,,Worcester (ORH),,0:42,10:06 AM,,9:05 AM,Landed 9:05 AM
eli-lilly,,18 Oct 2025,,Bedford (BED),,0:21,1:46 PM,,1:46 PM,Landed 1:46 PM
eli-lilly,,18 Oct 2025,,Fitchburg (QTI),,0:37,12:17 PM,,11:16 AM,Landed 11:16 AM
eli-lilly,,18 Oct 2025,,Fitchburg (QTI),,0:30,11:09 AM,,10:08 AM,Landed 10:08 AM
eli-lilly,,18 Oct 2025,,Fitchburg (QTI),,0:16,8:50 AM,,6:49 AM,Landed 6:49 AM
eli-lilly,,17 Oct 2025,,Not available,,1:32,3:21 PM,,—,Landed 7:21 PM
eli-lilly,,11 Oct 2025,,Rockland (RKD),,0:58,1:00 PM,,2:24 PM,Landed 2:07 PM
eli-lilly,,11 Oct 2025,,Bedford (BED),,0:30,11:30 AM,,10:30 AM,Landed 10:30 AM
eli-lilly,,11 Oct 2025,,Nashua (ASH),,0:53,11:00 AM,,10:00 AM,Landed 10:00 AM
eli-lilly,,10 Oct 2025,,Bedford (BED),,0:54,11:56 AM,,10:56 AM,Landed 10:56 AM
eli-lilly,,10 Oct 2025,,Brunswick (NHZ),,0:51,10:54 AM,,9:53 AM,Landed 9:53 AM
eli-lilly,,06 Oct 2025,,Nashua (ASH),,1:07,10:31 AM,,9:31 AM,Landed 9:31 AM
eli-lilly,,04 Oct 2025,,Bedford (BED),,1:00,10:59 AM,,10:59 AM,Landed 10:59 AM
eli-lilly,,04 Oct 2025,,Fitchburg (QTI),,0:19,9:25 AM,,7:24 AM,Landed 7:24 AM
eli-lilly,,03 Oct 2025,,Bedford (BED),,0:37,1:27 PM,,12:27 PM,Landed 12:27 PM
eli-lilly,,02 Oct 2025,,Bedford (BED),,0:14,10:33 PM,,9:28 PM,Landed 9:28 PM
eli-lilly,,02 Oct 2025,,Not available,,-,10:08 PM,,—,Unknown
eli-lilly,,02 Oct 2025,,Not available,,-,10:04 PM,,—,Unknown
eli-lilly,,02 Oct 2025,,Not available,,-,9:56 PM,,—,Unknown
eli-lilly,,02 Oct 2025,,Bedford (BED),,0:21,9:54 PM,,8:54 PM,Landed 8:54 PM
eli-lilly,,02 Oct 2025,,Portsmouth (PSM),,0:24,9:32 PM,,8:32 PM,Landed 8:32 PM
eli-lilly,,02 Oct 2025,,Bedford (BED),,1:21,3:40 PM,,2:40 PM,Landed 2:40 PM
eli-lilly,,27 Sep 2025,,Bedford (BED),,1:11,4:00 PM,,5:21 PM,Landed 5:31 PM
eli-lilly,,27 Sep 2025,,Caldwell (CDW),,1:10,9:00 AM,,10:46 AM,Landed 10:43 AM
eli-lilly,,21 Sep 2025,,Bedford (BED),,0:46,11:49 AM,,10:49 AM,Landed 10:49 AM
eli-lilly,,21 Sep 2025,,Brunswick (NHZ),,0:43,9:00 AM,,10:12 AM,Landed 9:51 AM
eli-lilly,,20 Sep 2025,,Bedford (BED),,1:09,2:45 PM,,4:04 PM,Landed 4:44 PM
eli-lilly,,20 Sep 2025,,Bangor (BGR),,1:14,1:00 PM,,2:45 PM,Landed 2:30 PM
eli-lilly,,20 Sep 2025,,Bedford (BED),,1:17,10:12 AM,,9:12 AM,Landed 9:12 AM
eli-lilly,,19 Sep 2025,,Bedford (BED),,0:20,1:09 PM,,12:09 PM,Landed 12:09 PM
eli-lilly,,26 Aug 2025,,Plymouth (PYM),,0:22,1:40 PM,,12:39 PM,Landed 12:39 PM
eli-lilly,,26 Aug 2025,,Bedford (BED),,1:35,11:16 AM,,10:16 AM,Landed 10:16 AM
eli-lilly,,24 Aug 2025,,Bedford (BED),,0:22,4:56 PM,,3:56 PM,Landed 3:56 PM
eli-lilly,,23 Aug 2025,,Bedford (BED),,0:25,2:39 PM,,1:39 PM,Landed 1:39 PM
eli-lilly,,23 Aug 2025,,Bedford (BED),,1:06,11:05 AM,,10:05 AM,Landed 10:05 AM
eli-lilly,,22 Aug 2025,,Bedford (BED),,1:57,11:59 AM,,10:59 AM,Landed 10:59 AM
eli-lilly,,21 Aug 2025,,Bedford (BED),,1:01,9:00 AM,,10:13 AM,Landed 10:16 AM
eli-lilly,,21 Aug 2025,,Burlington (BTV),,0:59,7:06 AM,,8:37 AM,Landed 8:43 AM
eli-lilly,,18 Aug 2025,,Not available,,-,10:32 AM,,—,Unknown
eli-lilly,,18 Aug 2025,,Bedford (BED),,0:14,11:00 AM,,9:55 AM,Landed 9:55 AM
eli-lilly,,18 Aug 2025,,Not available,,-,2:15 PM,,—,Unknown
eli-lilly,,18 Aug 2025,,Nashua (ASH),,0:10,10:36 AM,,9:33 AM,Landed 9:33 AM
eli-lilly,,18 Aug 2025,,Nashua (ASH),,0:19,10:09 AM,,9:09 AM,Landed 9:09 AM
eli-lilly,,15 Aug 2025,,Bedford (BED),,3:11,8:18 PM,,9:57 PM,Landed 8:18 PM
eli-lilly,,15 Aug 2025,,Lynchburg (LYH),,4:36,4:06 PM,,3:06 PM,Landed 3:06 PM
eli-lilly,,12 Aug 2025,,Statesboro (TBR),,3:10,5:42 PM,,4:37 PM,Landed 4:37 PM
eli-lilly,,12 Aug 2025,Bedford (BED),Martinsburg (MRB),,2:27,,,,Landed 4:31 PM 12:31 PM10:03 AM11:31 AM
eli-lilly,,11 Aug 2025,Bedford (BED),Bedford (BED),,1:32,,,,Landed 8:51 PM 4:51 PM3:19 PM3:51 PM
eli-lilly,,11 Aug 2025,Laconia (LCI),Bedford (BED),,3:03,,,,Landed 3:44 PM 11:45 AM8:41 AM10:44 AM
eli-lilly,,10 Aug 2025,Bedford (BED),Laconia (LCI),,0:31,,,,Landed 7:10 PM 3:10 PM2:40 PM2:10 PM
eli-lilly,,03 Aug 2025,Beaufort (BFT),Bedford (BED),,4:55,,,,Landed 10:04 PM 6:04 PM1:09 PM5:04 PM
eli-lilly,,30 Jul 2025,Bedford (BED),Beaufort (BFT),,5:02,,,,Landed 11:11 PM 7:11 PM2:09 PM6:11 PM
eli-lilly,,30 Jul 2025,Bangor (BGR),Bedford (BED),,1:11,,,,Landed 2:31 PM 9:00 AM9:20 AM10:22 AM
eli-lilly,,30 Jul 2025,Bedford (BED),Bangor (BGR),,1:10,,,,Landed 12:43 PM 7:30 AM7:33 AM9:06 AM
eli-lilly,,26 Jul 2025,Bedford (BED),Bedford (BED),,1:04,,,,Landed 7:42 PM 3:42 PM2:38 PM2:42 PM
eli-lilly,,19 Jul 2025,Binghamton (BGM),Bedford (BED),,1:16,,,,Landed 11:41 PM 7:41 PM6:25 PM6:41 PM
eli-lilly,,19 Jul 2025,Bedford (BED),Binghamton (BGM),,1:32,,,,Landed 4:47 PM 12:47 PM11:15 AM11:47 AM
eli-lilly,,12 Jul 2025,Bedford (BED),Bedford (BED),,0:12,,,,Landed 7:07 PM 3:12 PM2:55 PM2:07 PM
eli-lilly,,12 Jul 2025,Bedford (BED),Bedford (BED),,1:12,,,,Landed 6:50 PM 2:50 PM1:37 PM1:50 PM
eli-lilly,,05 Jul 2025,Rockland (RKD),Bedford (BED),,1:25,,,,Landed 7:30 PM 3:30 PM2:05 PM2:30 PM
eli-lilly,,05 Jul 2025,Bedford (BED),Rockland (RKD),,1:01,,,,Landed 4:12 PM 12:13 PM11:11 AM11:12 AM
eli-lilly,,02 Jul 2025,Hyannis (HYA),Bedford (BED),,0:29,,,,Landed 10:04 PM 6:04 PM5:35 PM5:04 PM
eli-lilly,,02 Jul 2025,Hyannis (HYA),Hyannis (HYA),,0:19,,,,Landed 7:37 PM 3:38 PM3:18 PM2:37 PM
eli-lilly,,02 Jul 2025,Bedford (BED),Plymouth (PYM),,0:23,,,,Landed 1:01 PM 9:05 AM8:38 AM8:01 AM
eli-lilly,,29 Jun 2025,Portland (PWM),Bedford (BED),,0:37,,,,Landed 8:45 PM 3:30 PM4:08 PM4:25 PM
eli-lilly,,29 Jun 2025,Bedford (BED),Portland (PWM),,0:45,,,,Landed 4:28 PM 9:30 AM11:43 AM10:33 AM
eli-lilly,,28 Jun 2025,Bedford (BED),Bedford (BED),,1:19,,,,Landed 4:09 PM 10:30 AM10:50 AM11:37 AM
eli-lilly,,26 Jun 2025,Bedford (BED),Bedford (BED),,1:11,,,,Landed 7:18 PM 1:35 PM2:07 PM2:36 PM
eli-lilly,,26 Jun 2025,Bedford (BED),Sanford (SFM),,0:32,,,,Landed 2:44 PM 10:49 AM10:12 AM9:44 AM
eli-lilly,,21 Jun 2025,Bedford (BED),Bedford (BED),,0:14,,,,Landed 8:01 PM 4:06 PM3:46 PM3:01 PM
eli-lilly,,21 Jun 2025,Bedford (BED),Bedford (BED),,0:36,,,,Landed 7:46 PM 3:46 PM3:09 PM2:46 PM
eli-lilly,,11 Jun 2025,,,,-,,,,Unknown
eli-lilly,,11 Jun 2025,Bedford (BED),Bedford (BED),,1:03,,,,Landed 6:46 PM 2:47 PM1:42 PM1:46 PM
eli-lilly,,03 Jun 2025,Toronto (YTZ),Bedford (BED),,2:09,,,,Landed 4:10 PM 10:00 AM10:02 AM11:10 AM
eli-lilly,,02 Jun 2025,Bedford (BED),Toronto (YTZ),,2:37,,,,Landed 11:31 PM 4:30 PM4:55 PM7:36 PM
eli-lilly,,02 Jun 2025,Islip (ISP),Plymouth (PYM),,0:58,,,,Landed 7:01 PM 3:02 PM2:03 PM2:01 PM
eli-lilly,,02 Jun 2025,Bedford (BED),Plymouth (PYM),,0:22,,,,Landed 3:17 PM 11:18 AM10:54 AM10:17 AM
eli-lilly,,02 Jun 2025,Nantucket (ACK),Bedford (BED),,0:49,,,,Landed 4:31 AM 12:31 AM11:42 PM11:31 PM
eli-lilly,,01 Jun 2025,Islip (ISP),Nantucket (ACK),,1:02,,,,Landed 3:40 AM 11:40 PM10:39 PM10:40 PM
eli-lilly,,01 Jun 2025,Bedford (BED),Islip (ISP),,0:59,,,,Landed 2:38 AM 10:38 PM9:39 PM9:38 PM
eli-lilly,,30 May 2025,Bedford (BED),Bedford (BED),,1:11,,,,Landed 8:17 PM 4:17 PM3:06 PM3:17 PM
eli-lilly,,28 May 2025,Bedford (BED),Bedford (BED),,0:27,,,,Landed 8:08 PM 4:08 PM3:41 PM3:08 PM
eli-lilly,,18 May 2025,Rockland (RKD),Bedford (BED),,1:01,,,,Landed 7:45 PM 1:30 PM2:43 PM2:40 PM
eli-lilly,,18 May 2025,Bedford (BED),Rockland (RKD),,1:04,,,,Landed 3:44 PM 9:00 AM10:39 AM10:24 AM
eli-lilly,,11 May 2025,Bar Harbor (BHB),Bedford (BED),,1:11,,,,Landed 8:50 PM 3:30 PM3:39 PM4:50 PM
eli-lilly,,11 May 2025,Bedford (BED),Bar Harbor (BHB),,1:15,,,,Landed 2:44 PM 9:30 AM9:29 AM11:12 AM
eli-lilly,,04 May 2025,Bedford (BED),North Kingstown (NCO),,0:27,,,,Landed 6:07 PM 1:30 PM1:40 PM2:13 PM
eli-lilly,,03 May 2025,Brunswick (NHZ),Bedford (BED),,0:50,,,,Landed 5:04 PM 2:00 PM12:14 PM12:57 PM
eli-lilly,,03 May 2025,Bedford (BED),Brunswick (NHZ),,0:43,,,,Landed 1:59 PM 9:00 AM9:16 AM10:07 AM
eli-lilly,,01 May 2025,Bedford (BED),Fitchburg (QTI),,0:39,,,,Landed 8:12 PM 4:13 PM3:33 PM2:12 PM
eli-lilly,,25 Apr 2025,Worcester (ORH),Bedford (BED),,0:15,,,,Landed 9:54 PM 5:54 PM5:38 PM4:54 PM
eli-lilly,,25 Apr 2025,Bedford (BED),Worcester (ORH),,0:16,,,,Landed 9:34 PM 4:30 PM5:18 PM4:56 PM
eli-lilly,,25 Apr 2025,Bedford (BED),Bedford (BED),,0:22,,,,Landed 3:18 PM 11:19 AM10:56 AM10:18 AM
eli-lilly,,24 Apr 2025,Portland (PWM),Bedford (BED),,0:34,,,,Landed 5:01 PM 1:02 PM12:27 PM12:01 PM
eli-lilly,,24 Apr 2025,Bedford (BED),Portland (PWM),,0:36,,,,Landed 1:48 PM 9:49 AM9:12 AM8:48 AM
eli-lilly,,17 Apr 2025,Bedford (BED),Bedford (BED),,1:10,,,,Landed 3:03 PM 11:03 AM9:53 AM10:03 AM
eli-lilly,,14 Apr 2025,Portland (PWM),Bedford (BED),,0:42,,,,Landed 1:48 AM 9:48 PM9:06 PM8:48 PM
eli-lilly,,14 Apr 2025,Bedford (BED),Portland (PWM),,0:34,,,,Landed 12:52 AM 8:53 PM8:18 PM7:52 PM
eli-lilly,,14 Apr 2025,Bedford (BED),Bedford (BED),,1:06,,,,Landed 8:28 PM 4:28 PM3:22 PM3:28 PM
eli-lilly,,14 Apr 2025,Bridgeport (BDR),Bedford (BED),,0:52,,,,Landed 5:53 PM 1:53 PM1:01 PM12:53 PM
eli-lilly,,14 Apr 2025,Bedford (BED),Bridgeport (BDR),,0:42,,,,Landed 1:57 PM 9:00 AM9:15 AM10:17 AM
eli-lilly,,09 Apr 2025,Bedford (BED),Portland (PWM),,0:49,,,,Landed 8:31 PM 4:32 PM3:42 PM3:31 PM
eli-lilly,,06 Apr 2025,Bedford (BED),Westfield (BAF),,0:47,,,,Landed 7:25 PM 2:30 PM2:39 PM3:23 PM
eli-lilly,,04 Apr 2025,Martha's Vineyard (MVY),Bedford (BED),,0:41,,,,Landed 6:21 PM 2:21 PM1:40 PM1:21 PM
eli-lilly,,03 Apr 2025,,,,-,,,,Unknown
eli-lilly,,03 Apr 2025,,,,-,,,,Unknown
eli-lilly,,02 Apr 2025,Plymouth (PYM),Bedford (BED),,0:19,,,,Landed 12:30 AM 8:31 PM8:11 PM7:30 PM
eli-lilly,,02 Apr 2025,Bedford (BED),Plymouth (PYM),,0:42,,,,Landed 11:57 PM 7:58 PM7:15 PM6:57 PM
eli-lilly,,26 Mar 2025,Bedford (BED),Bedford (BED),,1:00,,,,Landed 11:04 PM 7:05 PM6:04 PM6:04 PM
eli-lilly,,19 Mar 2025,Morrisville (MVL),Bedford (BED),,1:00,,,,Landed 9:13 PM 4:15 PM4:13 PM5:19 PM
eli-lilly,,19 Mar 2025,Bedford (BED),Morrisville (MVL),,0:50,,,,Landed 6:38 PM 2:38 PM1:48 PM1:38 PM
eli-lilly,,19 Mar 2025,Bedford (BED),Augusta (AUG),,0:48,,,,Landed 1:23 PM 9:27 AM8:35 AM8:23 AM
eli-lilly,,18 Mar 2025,Bedford (BED),New Bedford (EWB),,0:25,,,,Landed 10:02 PM 4:30 PM5:37 PM5:18 PM
eli-lilly,,14 Mar 2025,,,,-,,,,Unknown
eli-lilly,,14 Mar 2025,Plymouth (PYM),New Bedford (EWB),,0:19,,,,Landed 3:14 PM 11:15 AM10:55 AM10:14 AM
eli-lilly,,14 Mar 2025,Bedford (BED),Plymouth (PYM),,0:24,,,,Landed 2:35 PM 9:45 AM10:11 AM10:21 AM
eli-lilly,,10 Mar 2025,Plymouth (PYM),Bedford (BED),,0:24,,,,Landed 10:26 PM 6:26 PM6:03 PM5:26 PM
eli-lilly,,26 Feb 2025,Bedford (BED),Plymouth (PYM),,0:21,,,,Landed 1:26 PM 8:27 AM8:05 AM8:26 AM
eli-lilly,,26 Feb 2025,Bedford (BED),Not available,,-,,,,Unknown 7:57 AM7:56 AM STA  —
eli-lilly,,25 Feb 2025,Hartford (HFD),Bedford (BED),,0:30,,,,Landed 3:44 PM 10:44 AM10:13 AM10:44 AM
eli-lilly,,25 Feb 2025,New London (GON),Hartford (HFD),,0:20,,,,Landed 3:05 PM 10:06 AM9:46 AM10:05 AM
eli-lilly,,25 Feb 2025,Bedford (BED),Martha's Vineyard (MVY),,0:31,,,,Landed 2:06 PM 9:07 AM8:35 AM9:06 AM
eli-lilly,,24 Feb 2025,Burlington (BTV),Bedford (BED),,0:53,,,,Landed 3:02 PM 9:00 AM9:09 AM10:11 AM
eli-lilly,,21 Feb 2025,Lebanon (LEB),Burlington (BTV),,0:32,,,,Landed 9:33 PM 3:50 PM4:02 PM4:28 PM
eli-lilly,,21 Feb 2025,Bedford (BED),Lebanon (LEB),,0:43,,,,Landed 8:34 PM 2:40 PM2:51 PM3:46 PM
eli-lilly,,21 Feb 2025,Martha's Vineyard (MVY),Bedford (BED),,0:35,,,,Landed 6:40 PM 1:40 PM1:05 PM1:40 PM
eli-lilly,,20 Feb 2025,Plymouth (PYM),Bedford (BED),,0:23,,,,Landed 6:43 PM 1:15 PM1:20 PM1:47 PM
eli-lilly,,20 Feb 2025,Norwood (OWD),Plymouth (PYM),,0:44,,,,Landed 5:09 PM 12:10 PM11:25 AM12:09 PM
eli-lilly,,20 Feb 2025,Bedford (BED),Norwood (OWD),,0:19,,,,Landed 3:54 PM 10:54 AM10:35 AM10:54 AM
eli-lilly,,19 Feb 2025,Bedford (BED),Portland (PWM),,1:30,,,,Landed 5:46 PM 12:48 PM11:17 AM12:46 PM
eli-lilly,,11 Feb 2025,Bedford (BED),Bedford (BED),,2:12,,,,Landed 3:47 PM 8:45 AM8:35 AM10:54 AM
eli-lilly,,10 Feb 2025,Bangor (BGR),Bedford (BED),,1:11,,,,Landed 4:16 PM 10:00 AM10:05 AM11:23 AM
eli-lilly,,10 Feb 2025,Bedford (BED),Bangor (BGR),,1:03,,,,Landed 2:35 PM 8:00 AM8:31 AM9:39 AM
eli-lilly,,08 Feb 2025,Bedford (BED),Bedford (BED),,1:19,,,,Landed 8:27 PM 3:27 PM2:08 PM3:27 PM
eli-lilly,,08 Feb 2025,Bedford (BED),Bedford (BED),,1:37,,,,Landed 4:43 PM 11:44 AM10:06 AM11:43 AM
eli-lilly,,05 Feb 2025,Morrisville (MVL),Bedford (BED),,0:50,,,,Landed 7:58 PM 2:10 PM2:08 PM3:07 PM
eli-lilly,,05 Feb 2025,Bedford (BED),Morrisville (MVL),,1:05,,,,Landed 6:55 PM 12:20 PM12:50 PM1:55 PM
eli-lilly,,02 Feb 2025,Martha's Vineyard (MVY),Bedford (BED),,0:33,,,,Landed 11:10 PM 6:11 PM5:37 PM6:10 PM
eli-lilly,,02 Feb 2025,Bedford (BED),Bedford (BED),,-,,,,Diverted to MVY 4:00 PM4:29 PM5:30 PM
abbvie,,27 Jun 2025,,Chicago (UGN),,3:13,5:00 PM,,10:29 PM,Landed 10:55 PM
abbvie,,27 Jun 2025,,San Francisco (SFO),,3:34,10:30 AM,,12:12 PM,Landed 12:15 PM
abbvie,,26 Jun 2025,,Chicago (UGN),,0:11,12:12 PM,,11:07 AM,Landed 11:07 AM
abbvie,,26 Jun 2025,,Chicago (UGN),,0:34,11:00 AM,,11:35 AM,Landed 11:45 AM
abbvie,,26 Jun 2025,,Appleton (ATW),,0:28,10:30 AM,,11:05 AM,Landed 10:49 AM
abbvie,,25 Jun 2025,,Chicago (UGN),,0:12,3:47 PM,,2:42 PM,Landed 2:42 PM
abbvie,,25 Jun 2025,,Not available,,-,3:19 PM,,—,Unknown
abbvie,,25 Jun 2025,,Chicago (UGN),,0:17,3:13 PM,,2:13 PM,Landed 2:13 PM
abbvie,,25 Jun 2025,,Chicago (UGN),,1:28,12:15 PM,,1:13 PM,Landed 1:48 PM
abbvie,,24 Jun 2025,,Washington (IAD),,1:18,8:15 PM,,10:50 PM,Landed 10:51 PM
abbvie,,24 Jun 2025,,Chicago (MDW),,0:22,6:15 PM,,6:35 PM,Landed 6:30 PM
abbvie,,20 Jun 2025,,Chicago (UGN),,0:20,12:30 PM,,12:54 PM,Landed 1:54 PM
abbvie,,20 Jun 2025,,Chicago (MDW),,1:08,11:15 AM,,12:52 PM,Landed 12:58 PM
abbvie,,20 Jun 2025,,Nashville (BNA),,1:46,9:15 AM,,10:25 AM,Landed 11:11 AM
abbvie,,19 Jun 2025,,Boca Raton (BCT),,1:28,7:30 PM,,9:06 PM,Landed 11:24 PM
abbvie,,19 Jun 2025,,Raleigh-Durham (RDU),,1:25,5:00 PM,,7:30 PM,Landed 9:17 PM
abbvie,,17 Jun 2025,,Nashville (BNA),,0:58,11:00 AM,,12:12 PM,Landed 12:31 PM
abbvie,,11 Jun 2025,,Chicago (UGN),,0:24,12:30 PM,,1:06 PM,Landed 2:19 PM
